,Source,Date,Positive Score,Negative Score,Neutral Score,Compounded Score,Text
0,BBC,Mon Mar 05 09:00:05 +0000 2018,0.0,0.0,1.0,0.0,üòç A rare pure-white stoat! https://t.co/VoR9jXJmk4
1,BBC,Mon Mar 05 08:30:04 +0000 2018,0.0,0.0,1.0,0.0,"Many personality traits can be observed but there are other hidden forces that shape who we are.
üëâ‚Ä¶ https://t.co/aTsldl7s1z"
2,BBC,Mon Mar 05 08:00:04 +0000 2018,0.0,0.0,1.0,0.0,"üêùüçØ How honey is collected.
#AmazingHotels https://t.co/UIJKlsamx5"
3,BBC,Sun Mar 04 20:11:35 +0000 2018,0.184,0.089,0.726,0.4019,RT @BBCNewsbeat: Miss Piggy has some strong feelings about this year's #Oscars selection üôàüòÇ https://t.co/vzHGz8PtmD
4,BBC,Sun Mar 04 19:00:05 +0000 2018,0.386,0.0,0.614,0.8468,Sloths have survived for more than 60 million years - what makes them so successful?  https://t.co/H4BAA5kAOL
5,BBC,Sun Mar 04 18:59:39 +0000 2018,0.118,0.0,0.882,0.4215,RT @BBCWorld: Watch this baby chimp being flown to a new home in DR Congo after it was rescued from poachers üêí‚ù§Ô∏è https://t.co/mZfGI8h6Gc
6,BBC,Sun Mar 04 18:00:09 +0000 2018,0.0,0.099,0.901,-0.3182,"üé¨üèÜ So you've got the critical acclaim, you've got the industry buzz, you might even have a Golden Globe in your dow‚Ä¶ https://t.co/WdGFOHrFMZ"
7,BBC,Sun Mar 04 16:57:46 +0000 2018,0.111,0.0,0.889,0.4588,"RT @BBCWorld: What can we expect from the 90th Academy Awards? A lot has changed since last year. 

Here are eight reasons why the 2018 #Os‚Ä¶"
8,BBC,Sun Mar 04 16:30:12 +0000 2018,0.189,0.0,0.811,0.6369,"‚ù§Ô∏è After her double mastectomy, this woman found a unique way of learning to love her new breasts.
üëâ‚Ä¶ https://t.co/KAxQxkQEow"
9,BBC,Sun Mar 04 15:30:29 +0000 2018,0.13,0.0,0.87,0.3382,"He was almost a professional footballer! üòÆ

11 surprising things we learned from Matt Smith's Desert Island Discs:‚Ä¶ https://t.co/TMfwinexEB"
10,BBC,Sun Mar 04 15:00:06 +0000 2018,0.124,0.0,0.876,0.1779,üç´ Meet the teenage chocolatier joining the ranks of Scotland's growing chocolate sector. https://t.co/FeIVc3FeZC
11,BBC,Sun Mar 04 14:03:03 +0000 2018,0.18,0.17,0.65,0.0498,"Two landscape artists begin a romance whilst working at Versailles. ‚ù§Ô∏èÔ∏èüå∑üé¨

A Little Chaos | @BBCiPlayer |‚Ä¶ https://t.co/szKKosJ2K2"
12,BBC,Sun Mar 04 13:46:48 +0000 2018,0.298,0.0,0.702,0.802,"RT @BBCSportWales: Can't get enough of this.

Welcome to the wonderful world of football analogies - starring @SwansOfficial manager Carlos‚Ä¶"
13,BBC,Sun Mar 04 13:30:06 +0000 2018,0.101,0.0,0.899,0.2263,"üçøüéû From #IsleOfDogs to #TombRaider, here are 9 films worth heading to the movies for in March. 
üëâ‚Ä¶ https://t.co/y1xGGocMuA"
14,BBC,Sun Mar 04 12:57:19 +0000 2018,0.0,0.0,1.0,0.0,"RT @BBCWomansHour: üëÄüé• @LadyBirdMovie's up for FIVE #Oscars this weekend üôå @Saoirse_Ronan talks to us about the film's appeal, her real-life‚Ä¶"
15,BBC,Sun Mar 04 12:56:49 +0000 2018,0.118,0.0,0.882,0.4939,"RT @BBCSport: There are for four gold medals up for grabs at the Track Cycling World Championships today. üôå

Watch the GB squad in action i‚Ä¶"
16,BBC,Sun Mar 04 12:56:15 +0000 2018,0.0,0.28,0.72,-0.765,"RT @BBCSport: After the shocking news of Davide Astori's death, all Serie A fixtures today have been called off.

üëâ https://t.co/rmqcHfLPUX‚Ä¶"
17,BBC,Sun Mar 04 12:55:43 +0000 2018,0.225,0.0,0.775,0.7003,"RT @BBC6Music: üé¨ Let's settle this, what's the greatest ever movie soundtrack or score?

This Sunday from 6-8pm #NP6Music is warming up for‚Ä¶"
18,BBC,Sun Mar 04 12:33:04 +0000 2018,0.0,0.0,1.0,0.0,üé¨ An aspiring writer decides to focus on the story of Mississippi's black maids - much to the consternation of her‚Ä¶ https://t.co/bDLqgAXBfk
19,BBC,Sun Mar 04 12:00:07 +0000 2018,0.0,0.0,1.0,0.0,"Feeding time! üç¥ü¶à
#AmazingHotels https://t.co/SnOXnczSAF"
20,BBC,Sun Mar 04 11:54:09 +0000 2018,0.0,0.0,1.0,0.0,"RT @BBCEarth: In some parts of the ocean, it‚Äôs estimated that there are over half a million pieces of plastic for every square kilometre
#B‚Ä¶"
21,BBC,Sun Mar 04 11:34:05 +0000 2018,0.0,0.0,1.0,0.0,Sir Roger Bannister: First man to run a mile in under four minutes dies at 88. https://t.co/CpLdZchwqi https://t.co/l7ujJ3kHE6
22,BBC,Sun Mar 04 11:00:02 +0000 2018,0.322,0.0,0.678,0.5141,‚ù§Ô∏èüëè Two-year-old Daisy is a little litter-picking hero. https://t.co/EiYuQkQUlU
23,BBC,Sun Mar 04 10:33:01 +0000 2018,0.285,0.0,0.715,0.657,Would you be able to resist this perfect layer of snow? üòÇ‚ùÑÔ∏èüå®https://t.co/36rTZveWl5
24,BBC,Sun Mar 04 09:30:03 +0000 2018,0.0,0.0,1.0,0.0,"üç≥ü•ì Before you fry up your full English this morning, did you know just 1.5 sausages could reduce your lifespan by 3‚Ä¶ https://t.co/TXZAcIZKVH"
25,BBC,Sat Mar 03 21:21:40 +0000 2018,0.255,0.0,0.745,0.6249,"RT @BBCRadio4: üéß Looking for a new podcast?
üìª Loads of great ideas right here...
https://t.co/DJbWsiWc2D"
26,BBC,Sat Mar 03 19:36:06 +0000 2018,0.167,0.0,0.833,0.296,RT @bbcthree: Your regular reminder that Louis Theroux is a national treasure. https://t.co/vxTqbCttuQ
27,BBC,Sat Mar 03 19:00:05 +0000 2018,0.17,0.11,0.72,0.1695,üéßüòé Some people just don't want to stop raving. https://t.co/agXVmmgVKZ
28,BBC,Sat Mar 03 18:00:16 +0000 2018,0.0,0.271,0.729,-0.7717,"""You can‚Äôt dress it up. I said: ‚ÄòMummy‚Äôs died‚Äô""

üíî Sky Sports anchor @SimonThomasSky, who lost his wife to cancer o‚Ä¶ https://t.co/63Q2Wb37oX"
29,BBC,Sat Mar 03 17:58:00 +0000 2018,0.0,0.0,1.0,0.0,"RT @BBCWorld: Come on Eileen. üëèüëèüëè

https://t.co/KLrG8nMMJl"
30,BBC,Sat Mar 03 17:57:56 +0000 2018,0.0,0.0,1.0,0.0,RT @BBCFood: CHOCOLATE CAKE KLAXON üì£ https://t.co/u1wNGs8Vtm https://t.co/UOi707IOaG
31,BBC,Sat Mar 03 17:46:46 +0000 2018,0.0,0.256,0.744,-0.6705,"RT @BBCBreaking: One person suffers ""self-inflicted gun shot wound"" outside the White House, US Secret Service says https://t.co/Bv5sB11BSC"
32,BBC,Sat Mar 03 17:00:03 +0000 2018,0.0,0.0,1.0,0.0,‚ù§Ô∏è A mum's tribute to her son Tristan who has Asperger's syndrome. https://t.co/LTZ02FX24V
33,BBC,Sat Mar 03 16:00:08 +0000 2018,0.0,0.0,1.0,0.0,"üíÄ Less than one-10th of 1% of all species that have ever lived became fossils. 

But from skipping a coffin to avoi‚Ä¶ https://t.co/20s85EmMhJ"
34,BBC,Sat Mar 03 15:26:56 +0000 2018,0.0,0.0,1.0,0.0,"RT @bbcpress: üìª üìñ @IanMcKellen, @francesbarber13 and Simon Russell Beale star in a new adaptation of #ParadiseLost @BBCRadio4 - https://t.c‚Ä¶"
35,BBC,Sat Mar 03 15:26:39 +0000 2018,0.123,0.0,0.877,0.4754,RT @BBCFOUR: One of the most inspiring stories in human history. Masters of the Pacific Coast: The Tribes of the American Northwest. Tonigh‚Ä¶
36,BBC,Sat Mar 03 15:07:50 +0000 2018,0.0,0.0,1.0,0.0,RT @BBC100women: For a film to pass the Bechdel Test it needs to feature two women üë≠ talking to each other üó£Ô∏è about something other than a‚Ä¶
37,BBC,Sat Mar 03 15:07:40 +0000 2018,0.091,0.2,0.709,-0.4404,RT @bbcweather: Some parts of the UK have seen freezing rain in the last 24 hours - a beautiful but dangerous weather phenomenon. https://t‚Ä¶
38,BBC,Sat Mar 03 15:00:07 +0000 2018,0.0,0.115,0.885,-0.296,'There is no such thing as cheap seafood because it comes at a price we can't ever repay.' https://t.co/8tCZay8iOz
39,BBC,Sat Mar 03 13:30:04 +0000 2018,0.0,0.229,0.771,-0.5514,"Zig-A-Zig Whaaaaa?
How scary is your knowledge of the Spice Girls? 
üëâ https://t.co/JZAjDNrldQ https://t.co/FXy5nVK7nj"
40,BBC,Sat Mar 03 12:30:30 +0000 2018,0.0,0.0,1.0,0.0,RT @bbcideas: What do we know about the earliest known representations of the human face? üò≤ https://t.co/PDgFTpPOqi https://t.co/kls7Xu0Ui9
41,BBC,Sat Mar 03 12:00:04 +0000 2018,0.0,0.355,0.645,-0.296,How to avoid these üò¨üëáhttps://t.co/RJj25ysPsq
42,BBC,Sat Mar 03 11:29:49 +0000 2018,0.0,0.143,0.857,-0.3612,"RT @bbccomedy: What happens when you ask @JohnCleese, Alison Steadman and @Jason__Watkins ridiculous questions? ü§îü§£#HoldTheSunset https://t.‚Ä¶"
43,BBC,Sat Mar 03 11:18:14 +0000 2018,0.222,0.0,0.778,0.6114,"Happy Birthday, @Camila_Cabello!üéà

For all of her latest @BBCR1 interviews and performances check out:‚Ä¶ https://t.co/mTSDDK6YeF"
44,BBC,Sat Mar 03 11:00:11 +0000 2018,0.075,0.134,0.791,-0.3612,"üì∫ From The Terror to the return of Atlanta and @Marvel‚Äôs Jessica Jones, here are the TV shows worth seeing in March‚Ä¶ https://t.co/i6mIgZGqB7"
45,BBC,Sat Mar 03 10:42:24 +0000 2018,0.156,0.0,0.844,0.5719,"RT @BBCEarth: Today is #WorldWildlifeDay celebrating the world‚Äôs big cats. 

DYK: black panthers in Asia and Africa are leopards and those‚Ä¶"
46,BBC,Sat Mar 03 10:41:48 +0000 2018,0.0,0.0,1.0,0.0,"RT @TWBBC: By 2050, 30-50% of all species could be heading towards extinction. 
Take a moment this #WorldWildlifeDay to learn more ‚¨áÔ∏è‚¨áÔ∏è 
#m‚Ä¶"
47,BBC,Sat Mar 03 10:00:04 +0000 2018,0.272,0.0,0.728,0.7569,Learning to play the bagpipes can be quite a challenge - and it's even harder if you only have the use of one hand!  https://t.co/PGI8ZPFNUW
48,BBC,Sat Mar 03 09:39:33 +0000 2018,0.0,0.0,1.0,0.0,"RT @BBCSpringwatch: Never mind the snow, Saturday morning lie-ins be like... ü§ó #weekend #saturday #UKsnow #Winterwatch https://t.co/QueQ6ff‚Ä¶"
49,BBC,Sat Mar 03 09:39:27 +0000 2018,0.0,0.0,1.0,0.0,RT @bbcthree: actual footage of me this morning https://t.co/e9vmltkcc3
50,BBC,Sat Mar 03 09:00:07 +0000 2018,0.104,0.0,0.896,0.2732,"Mary Beard opens up about her new series, the nature of civilisation and the significance of a face-to-face encount‚Ä¶ https://t.co/OIg0ZgPgcc"
51,BBC,Fri Mar 02 20:35:03 +0000 2018,0.0,0.193,0.807,-0.4767,"RT @BBCOne: .@JohnTorode1 makes terrible beans on toast, isn't that right @GreggAWallace? üç¥ @Masterchefuk https://t.co/ZsUcJAWZWX"
52,BBC,Fri Mar 02 19:00:09 +0000 2018,0.167,0.0,0.833,0.4588,"‚ùÑÔ∏è When the weather is this cold, a simple act of kindness can go a long way. https://t.co/NwJ0FoSOzD"
53,BBC,Fri Mar 02 18:00:11 +0000 2018,0.0,0.0,1.0,0.0,"What is the #AttenboroughEffect?
üìªüëâ https://t.co/qO3nY8tEl6 https://t.co/bJSh6V20WC"
54,BBC,Fri Mar 02 17:30:03 +0000 2018,0.0,0.0,1.0,0.0,KILTED YOGA! https://t.co/4wlS4cr85R
55,BBC,Fri Mar 02 15:43:22 +0000 2018,0.454,0.0,0.546,0.9184,"RT @mixital: ‚ö°Are you loving @BBCOne‚Äôs Troy? Join our new creative challenge and create your own #Troy fan art!

Grab these images from our‚Ä¶"
56,BBC,Fri Mar 02 15:03:04 +0000 2018,0.0,0.0,1.0,0.0,"Meet George, a 99-year-old swimmer from Australia who appears to have smashed a world record for his age group. üòÆüèäüí™‚Ä¶ https://t.co/4VsUws6lI3"
57,BBC,Fri Mar 02 14:30:11 +0000 2018,0.353,0.0,0.647,0.7684,"You might know your British comedy, but how well do you know your British comedy award-winners?‚Ä¶ https://t.co/TKHDZQ3tNW"
58,BBC,Fri Mar 02 14:03:04 +0000 2018,0.0,0.0,1.0,0.0,"Lego's leaves, bushes and trees are going green! üçÄüåøüå±The Danish toymaker says they will be made with plastic sourced‚Ä¶ https://t.co/BUTkdp7dBe"
59,BBC,Fri Mar 02 13:00:04 +0000 2018,0.0,0.215,0.785,-0.5095,"üò¨ Are these the most offensive questions ever asked in job interviews?
üëâ https://t.co/bzi7uVzVAL https://t.co/yaBdPGQ2m0"
60,BBC,Fri Mar 02 12:00:05 +0000 2018,0.0,0.286,0.714,-0.5574,When London Fashion meets the technology behind Star Wars. https://t.co/M2QJ5HGx8W
61,BBC,Fri Mar 02 10:53:03 +0000 2018,0.263,0.0,0.737,0.6908,üé≠He's @BAFTA's 2018 Rising Star and a contender for Best Actor at the #Oscars this weekend - read 9 things‚Ä¶ https://t.co/eRvLb5oque
62,BBC,Fri Mar 02 10:09:18 +0000 2018,0.0,0.0,1.0,0.0,RT @bbcrb: So it's NEVER too cold to go swimming in the sea üòÇüåäüèä‚ùÑÔ∏è https://t.co/fvtt3D7u3o
63,BBC,Fri Mar 02 10:09:01 +0000 2018,0.0,0.0,1.0,0.0,RT @bbcthree: Kerry and Kurtan had a proper go at snapchat filters.... #thiscountry https://t.co/2gxzCvuie1
64,BBC,Fri Mar 02 10:08:18 +0000 2018,0.0,0.0,1.0,0.0,"RT @BBCR1: So, apparently @LiamPayne paid for Michael and Calum from @5SOS' very first tattoos when they were on tour with @OneDirection...‚Ä¶"
65,BBC,Fri Mar 02 10:07:52 +0000 2018,0.0,0.0,1.0,0.0,"RT @bbcarts: If you're snowed in on Friday, spend the day with the #Civilisations box set on @BBCiPlayer &amp; at 18:30 watch our live event wi‚Ä¶"
66,BBC,Fri Mar 02 10:06:53 +0000 2018,0.0,0.0,1.0,0.0,RT @BBCScotlandNews: Watch a husky pull a skier... in Glasgow's Partick https://t.co/eAWWjQnAXS
67,BBC,Fri Mar 02 10:05:43 +0000 2018,0.231,0.0,0.769,0.69,RT @BBCFOUR: Today is our 16th birthday! We launched #onthisday in 2002‚Ä¶ and we‚Äôve loved every minute of it. üéÇ #SixteenYearsFresh https://t‚Ä¶
68,BBC,Fri Mar 02 10:02:04 +0000 2018,0.0,0.0,1.0,0.0,"More than 1,000 members of the public have been invited to the grounds of Windsor Castle for Prince Harry and Megha‚Ä¶ https://t.co/EGTJPQEm96"
69,BBC,Fri Mar 02 09:00:07 +0000 2018,0.0,0.0,1.0,0.0,"That view! üòç
#OurBluePlanet #BluePlanet2 https://t.co/1kHthPUfxg"
70,BBC,Fri Mar 02 08:30:16 +0000 2018,0.0,0.0,1.0,0.0,A recently discovered photo collection by the late photographer David Granick reveals London's East End in colour.‚Ä¶ https://t.co/GPbx6fdmF1
71,BBC,Fri Mar 02 08:00:06 +0000 2018,0.0,0.0,1.0,0.0,üêëüê∂ It's a real life 'sheep dog'! https://t.co/A1LAD9ZCNm
72,BBC,Thu Mar 01 21:43:00 +0000 2018,0.286,0.0,0.714,0.802,"How beautiful is this temple in Petra, Jordan? It's survived armies and earthquakes as the Nabataeans who built it‚Ä¶ https://t.co/Br3szxmAxN"
73,BBC,Thu Mar 01 21:38:00 +0000 2018,0.0,0.126,0.874,-0.3818,"High-resolution photographs of this tiny seal stone, which was found in the grave of a Mycenaean soldier, uncover a‚Ä¶ https://t.co/aE7E1pXCvT"
74,BBC,Thu Mar 01 21:24:36 +0000 2018,0.0,0.0,1.0,0.0,"RT @bbcarts: As #Civilisations, a series 3 years in the making and featuring over 500 artworks, arrives on the @BBC, here's just one of tho‚Ä¶"
75,BBC,Thu Mar 01 21:10:00 +0000 2018,0.489,0.0,0.511,0.7712,"A greeting from roughly 37,000 years ago. üëã Amazing! #Civilisations https://t.co/thqeSvamrV"
76,BBC,Thu Mar 01 21:09:31 +0000 2018,0.383,0.0,0.617,0.9081,RT @simon_schama: After 3 years of work #Civilisations will at last reach all of you - it was a great labour of love and passion for @wmary‚Ä¶
77,BBC,Thu Mar 01 21:08:00 +0000 2018,0.231,0.0,0.769,0.5859,We've been creating and designing for thousands of years. But when and where did human creativity begin?‚Ä¶ https://t.co/Utrh8ie6qf
78,BBC,Thu Mar 01 20:59:18 +0000 2018,0.117,0.087,0.796,0.2003,RT @BBCTaster: It's here! The BBC Civilisations #AR App brings the lost treasures of history into your world through the power of #Augmente‚Ä¶
79,BBC,Thu Mar 01 20:57:46 +0000 2018,0.195,0.0,0.805,0.4404,RT @bbcweather: Images from across the British Isles thanks to @BBCWthrWatchers Phil https://t.co/NrVt1ksN4g
80,BBC,Thu Mar 01 20:56:26 +0000 2018,0.212,0.0,0.788,0.6249,"RT @BBCWales: It's #StDavidsDay. 

A chance to tell the world why we're proud of #Wales. 

Here's a few reasons...what are yours? 
(üîä Sound‚Ä¶"
81,BBC,Thu Mar 01 19:31:00 +0000 2018,0.242,0.0,0.758,0.6249,Get ready to explore thousands of years of human creativity. #Civilisations begins tonight at 9pm on @BBCTwo. https://t.co/Qqi0TDOv6e
82,BBC,Thu Mar 01 19:00:09 +0000 2018,0.15,0.178,0.672,-0.1779,How a former beauty queen made it her mission to reduce the rate of female suicide in her country. https://t.co/CcGdMu2tO4
83,BBC,Thu Mar 01 18:22:04 +0000 2018,0.492,0.0,0.508,0.9118,"üòãüè¥Û†ÅßÛ†Å¢Û†Å∑Û†Å¨Û†Å≥Û†Åø Celebrate the best of Welsh produce this #StDavidsDay with these delicious recipes.
üëâ‚Ä¶ https://t.co/Wc9oka4EI9"
84,BBC,Thu Mar 01 18:00:01 +0000 2018,0.0,0.0,1.0,0.0,üçøüî•Dr Helen Czerksi explores the extraordinary science of heat and the science behind our favourite cinema snack - p‚Ä¶ https://t.co/ovvqutlxWT
85,BBC,Thu Mar 01 17:30:05 +0000 2018,0.0,0.0,1.0,0.0,"üòÇ We'd watch Sherl-otter Holmes.
#TheGNShow https://t.co/krP4IJiahS"
86,BBC,Thu Mar 01 16:30:58 +0000 2018,0.0,0.307,0.693,-0.852,"RT @BBCR1: We've just heard from @GregJames and it's not good news. 

The weather conditions are so bad that it's not currently safe enough‚Ä¶"
87,BBC,Thu Mar 01 16:30:09 +0000 2018,0.0,0.0,1.0,0.0,"""The history of art is not just the history of artists; it is also the history of the people who viewed art.""‚Ä¶ https://t.co/jY2zyFczHM"
88,BBC,Thu Mar 01 16:00:19 +0000 2018,0.187,0.0,0.813,0.5994,‚ùÑÔ∏èSnowflakes form when the moisture in air crystallises. Take a look here to see a close-up of beautiful snowflakes‚Ä¶ https://t.co/leNcUvYItE
89,BBC,Thu Mar 01 15:30:14 +0000 2018,0.141,0.137,0.722,0.0258,Would you lay down your life for art? Khaled al-Asaad died protecting precious artefacts in Syria. His story is exp‚Ä¶ https://t.co/CaSa0hgy6D
90,BBC,Thu Mar 01 14:52:36 +0000 2018,0.16,0.0,0.84,0.5859,"RT @BBCRadio4: üéß GrownUpland is a podcast for the immature and the bewildered.
We're doing it with the amazing @DeborahFW from the @GuiltFe‚Ä¶"
91,BBC,Thu Mar 01 14:46:39 +0000 2018,0.079,0.0,0.921,0.2023,"RT @bbcarts: For our prehistoric ancestors, finding food and shelter would have been top priorities. So why did someone 40,000 years spend‚Ä¶"
92,BBC,Thu Mar 01 14:33:04 +0000 2018,0.0,0.0,1.0,0.0,üìùüìöA teacher in Ghana who educates his students on computer technology - without any computers - has become a hit on‚Ä¶ https://t.co/EsKIRTSCB9
93,BBC,Thu Mar 01 13:30:10 +0000 2018,0.124,0.0,0.876,0.4019,"'Lady Bird is the person I wish I could have been.'

üé¨ Greta Gerwig talks teen angst and blazing a trail in Hollywo‚Ä¶ https://t.co/f3VICZKt5H"
94,BBC,Thu Mar 01 12:49:53 +0000 2018,0.0,0.0,1.0,0.0,"RT @BBCRadioScot: Now THIS is how to make the most of a snow day. ‚ùÑÔ∏è  ‚ùÑÔ∏è  ‚ùÑÔ∏è  

Not only building an IGLOO...but SLEEPING in it overnight!‚Ä¶"
95,BBC,Thu Mar 01 12:30:03 +0000 2018,0.0,0.206,0.794,-0.6369,"When Ronald Dlamini lost his sight it ended his MMA sporting career, but now he's training other blind people to pr‚Ä¶ https://t.co/oXr9P3XCoc"
96,BBC,Thu Mar 01 11:35:28 +0000 2018,0.0,0.0,1.0,0.0,"RT @BBCR1: ""I never thought climbing a mountain would count as a 'rest day'."" 

As snow stalls #Gregathlon day four, let's take a look back‚Ä¶"
97,BBC,Thu Mar 01 11:33:04 +0000 2018,0.0,0.059,0.941,-0.128,Heavy snow is making it tough for many people to travel. So what are your rights if you can't make it into work? üôÖ‚Ä¶ https://t.co/llewH4VhBW
98,BBC,Thu Mar 01 11:03:04 +0000 2018,0.0,0.087,0.913,-0.25,Looking for a new book to get stuck into? @BBC_Culture's selection of ten books you need to read in 2018 could help‚Ä¶ https://t.co/a4vRFOWLr8
99,BBC,Thu Mar 01 10:03:00 +0000 2018,0.209,0.0,0.791,0.5719,"RT @BBCWales: ‚ùÑÔ∏è Current mood ‚ùÑÔ∏è

‚ù§Ô∏è #DyddG≈µylDewi hapus üè¥Û†ÅßÛ†Å¢Û†Å∑Û†Å¨Û†Å≥Û†Åø
üè¥Û†ÅßÛ†Å¢Û†Å∑Û†Å¨Û†Å≥Û†Åø  Happy #StDavidsDay üíõ 

üì∏ #Photooftheday ¬ª https://t.co/bz3A5e7cNc‚Ä¶"
100,CBS,Sun Mar 04 08:05:26 +0000 2018,0.116,0.0,0.884,0.4404,"RT @thegoodfight: It feels good to be back. üë†üíÑüî• The season 2 premiere of #TheGoodFight is now streaming, exclusively on CBS All Access: htt‚Ä¶"
101,CBS,Sat Mar 03 20:55:20 +0000 2018,0.0,0.0,1.0,0.0,"RT @thegoodfight: Tomorrow, #TheGoodFight is back. Stream the season 2 premiere only on CBS All Access: https://t.co/tNFR8LBJO2 https://t.c‚Ä¶"
102,CBS,Fri Mar 02 22:30:01 +0000 2018,0.247,0.0,0.753,0.7096,"Who are the trailblazing women in your life that inspire you? Join CBS and the ANA's #SeeHer initiative, celebratin‚Ä¶ https://t.co/M0KqZ41Bes"
103,CBS,Fri Mar 02 20:30:01 +0000 2018,0.282,0.0,0.718,0.7096,"Join @maria_bello, @aishatyler and @TeaLeoni in celebrating the accomplishments of women who have contributed to th‚Ä¶ https://t.co/MefESBeFL3"
104,CBS,Fri Mar 02 18:45:00 +0000 2018,0.151,0.0,0.849,0.4939,"In honor of Women's History Month, CBS and the Association of National Advertisers' (ANA) #SeeHer initiative will p‚Ä¶ https://t.co/2wtYxKJVuO"
105,CBS,Thu Mar 01 18:59:01 +0000 2018,0.0,0.21,0.79,-0.6981,RT @ZoeListerJones: Tonight‚Äôs an all new Life In Pieces and it‚Äôs directed by my ride or die @nataliaanderson!!!‚Ä¶ https://t.co/2LPfmyLWrY
106,CBS,Thu Mar 01 18:12:57 +0000 2018,0.159,0.092,0.749,0.4547,"RT @MarenMorris: Hot damn! Woke up from my post-wisdom teeth haze to find out I‚Äôm up for 4 @ACMawards ! So honored, especially for the Dear‚Ä¶"
107,CBS,Thu Mar 01 18:11:50 +0000 2018,0.538,0.0,0.462,0.8591,RT @KelseaBallerini: Ohhhhh goodness. Incredible. Thank you thank you thank you. #female https://t.co/1ZTYjNfQeF
108,CBS,Thu Mar 01 18:10:50 +0000 2018,0.234,0.151,0.615,0.4885,RT @KeithUrban: ACMs...... HOLY SMOKES!!!!! MAD LOVE TO U ALL THIS MORNING  FOR THESE INCREDIBLE NOMINATIONS. I‚ÄôM EXTREMELY GRATEFUL!!!!!!!‚Ä¶
109,CBS,Thu Mar 01 14:36:21 +0000 2018,0.178,0.0,0.822,0.5994,"RT @ACMawards: Congratulations to this year‚Äôs #ACMawards Video of the Year nominees:
‚ÄúBlack‚Äù - @DierksBentley
‚ÄúIt Ain‚Äôt My Fault‚Äù - @Brothe‚Ä¶"
110,CBS,Thu Mar 01 14:29:20 +0000 2018,0.325,0.0,0.675,0.7717,"RT @ACMawards: Please give a round of applause to this year‚Äôs #ACMawards Entertainer of the Year nominees: @Jason_Aldean, @GarthBrooks, @Lu‚Ä¶"
111,CBS,Thu Mar 01 14:15:29 +0000 2018,0.275,0.0,0.725,0.6908,".@ChrisStapleton, @ThomasRhett, @mirandalambert and more are all nominated for awards at Country Music's Party of t‚Ä¶ https://t.co/Vm1vXRUDYJ"
112,CBS,Thu Mar 01 13:50:11 +0000 2018,0.0,0.0,1.0,0.0,"The Queen of Country, @Reba, is returning to host the 53rd #ACMawards on Sunday, April 15 at 8/7c. Here are a few o‚Ä¶ https://t.co/Iqzz6Gql01"
113,CBS,Thu Mar 01 01:04:52 +0000 2018,0.0,0.0,1.0,0.0,RT @survivorcbs: It‚Äôs time! #Survivor https://t.co/YPk6cGWrUA
114,CBS,Wed Feb 28 19:56:58 +0000 2018,0.0,0.0,1.0,0.0,"RT @CBSThisMorning: TOMORROW: The nominees for the 2018 @ACMawards will be announced live by the one-and-only, @Reba! 

Watch on @CBS in ou‚Ä¶"
115,CBS,Wed Feb 28 19:08:30 +0000 2018,0.116,0.0,0.884,0.4404,"RT @thegoodfight: From the set design and costumes to hair and makeup, the production quality is truly next-level. Take a peek inside the u‚Ä¶"
116,CBS,Tue Feb 27 03:23:47 +0000 2018,0.152,0.0,0.848,0.5562,RT @LivinBiblically: The fun continues on Facebook! The #LivingBiblically cast is live to talk about tonight‚Äôs premiere. Tune in here: http‚Ä¶
117,CBS,Mon Feb 26 22:50:32 +0000 2018,0.0,0.0,1.0,0.0,"RT @KevinCanWaitCBS: Can you get all the way through these #KevinCanWait bloopers without laughing?! @KevinJames,@LeahRemini and the rest o‚Ä¶"
118,CBS,Mon Feb 26 21:08:30 +0000 2018,0.0,0.0,1.0,0.0,"RT @ACMawards: That‚Äôs right! @Reba is headed to @CBSThisMorning on Thursday, March 1 to announce this year‚Äôs #ACMAwards' nominees. Tune in‚Ä¶"
119,CBS,Mon Feb 26 19:53:41 +0000 2018,0.105,0.0,0.895,0.4482,"RT @ScorpionCBS: You can't hack your way to a 197 IQ, but you are well on your way with these Genius Facts from #TeamScorpion! üíª You can be‚Ä¶"
120,CBS,Mon Feb 26 18:32:36 +0000 2018,0.266,0.0,0.734,0.784,RT @SuperiorDonuts: You can always count on @DavidKoechner for a laugh! Did your favorite Tush moment make the list? Catch a new #SuperiorD‚Ä¶
121,CBS,Mon Feb 26 18:20:16 +0000 2018,0.429,0.0,0.571,0.9359,RT @TheTalkCBS: TODAY: We loved them together then &amp; we love seeing them together now! Welcome back to the show @THESaraGilbert‚Äã's good fri‚Ä¶
122,CBS,Mon Feb 26 16:53:56 +0000 2018,0.0,0.184,0.816,-0.5423,"RT @thegoodfight: As foundations begin to crumble, our characters struggle to make sense of this new dystopian world. The cast teases what'‚Ä¶"
123,CBS,Mon Feb 26 16:52:01 +0000 2018,0.0,0.0,1.0,0.0,"#LivingBiblically's @linzkraft and @jrfergjr appeared on @KCBS's Facebook Live this morning, talking all about what‚Ä¶ https://t.co/4RebcHuuMQ"
124,CBS,Mon Feb 26 16:17:55 +0000 2018,0.0,0.0,1.0,0.0,"RT @CBSSports: Introducing CBS Sports HQ, a New 24/7 Direct-to-Consumer Streaming Network for Sports News, Highlights, &amp; Analysis.

Stream‚Ä¶"
125,CBS,Mon Feb 26 01:12:32 +0000 2018,0.231,0.0,0.769,0.7644,"RT @CBSBigBrother: It‚Äôs down to the final 5 celebrity Houseguests, and anyone could take home the grand prize! Tune in NOW to watch the #BB‚Ä¶"
126,CBS,Sun Feb 25 21:51:32 +0000 2018,0.0,0.0,1.0,0.0,RT @startrekcbs: Binge the entire first season of #StarTrekDiscovery. All episodes now streaming exclusively on CBS All Access: https://t.c‚Ä¶
127,CBS,Sun Feb 25 21:51:22 +0000 2018,0.0,0.0,1.0,0.0,"RT @thegoodfight: #TheGoodFight returns in 1 week. Season 2 premieres Sunday, March 4. https://t.co/nomCao1GWp https://t.co/BOn6bOe9Tb"
128,CBS,Fri Feb 23 18:15:40 +0000 2018,0.155,0.0,0.845,0.5093,RT @thegoodfight: This is our new favorite thing. Christine Baranski debuted #TheGoodFight the Musical on @colbertlateshow last night! üéµüé§‚Ä¶
129,CBS,Thu Feb 22 19:26:52 +0000 2018,0.0,0.0,1.0,0.0,"RT @LivinBiblically: Confession time: have YOU ever hit the ""close door"" button in an elevator while somebody was approaching? The cast of‚Ä¶"
130,CBS,Wed Feb 21 19:20:04 +0000 2018,0.0,0.0,1.0,0.0,RT @CBSEyeSpeak: Mark your calendars! #CBSEyeSpeak kicks off March 14 with The EYE Speak Summit. Follow our page for more details! https://‚Ä¶
131,CBS,Wed Feb 21 18:19:25 +0000 2018,0.248,0.0,0.752,0.6808,"RT @CBSEyeSpeak: Proud to announce a new CBS initiative, promoting female empowerment and developing the next generation of leaders through‚Ä¶"
132,CBS,Tue Feb 20 19:55:19 +0000 2018,0.116,0.0,0.884,0.4404,"RT @LivinBiblically: When you're living by the Bible, it's good to have a priest and a rabbi on call (provided they answer their phones, th‚Ä¶"
133,CBS,Tue Feb 20 17:58:18 +0000 2018,0.0,0.119,0.881,-0.4019,"RT @thegoodfight: Chicago lawyers are being hunted and the world is going insane. 

The new season of #TheGoodFight premieres Sunday, March‚Ä¶"
134,CBS,Tue Feb 20 17:39:51 +0000 2018,0.128,0.0,0.872,0.3612,Ready for some larger than life competition? This new series from @MarkBurnettTV will premiere in summer 2018.‚Ä¶ https://t.co/gDXHLdIJ5v
135,CBS,Sat Feb 17 01:07:20 +0000 2018,0.227,0.0,0.773,0.6124,"With tournament dreams on the line, make sure to stream these college basketball matchups on CBS All Access:‚Ä¶ https://t.co/SGkYUZrQWB"
136,CBS,Fri Feb 16 18:42:43 +0000 2018,0.108,0.0,0.892,0.3182,"RT @LivinBiblically: While Chip's sticking to the Bible's original rules, the cast of #LivingBiblically has given them a more modern makeov‚Ä¶"
137,CBS,Fri Feb 16 17:48:20 +0000 2018,0.248,0.0,0.752,0.68,"Casting News! Peter Mark Kendall, Michael Gaston, Greg Wise, Rade ≈†erbed≈æija, Zack Pearlman, and Keye Chen join the‚Ä¶ https://t.co/GFob2KrD8H"
138,CBS,Wed Feb 14 19:23:27 +0000 2018,0.466,0.0,0.534,0.8619,RT @BullCBS: The verdict is in...#Bull is the perfect Valentine! ‚ù§Ô∏è Happy #ValentinesDay! https://t.co/poEejI4AnC
139,CBS,Tue Feb 13 20:03:56 +0000 2018,0.0,0.0,1.0,0.0,"RT @NoActivityCBS: Car 27 reporting: Season 2 of #NoActivity coming soon!

Binge season one now on CBS All Access: https://t.co/yvxoQMeyhN‚Ä¶"
140,CBS,Tue Feb 13 18:54:52 +0000 2018,0.252,0.0,0.748,0.7506,"RT @LivinBiblically: Against all odds (and the advice of his God Squad), Chip is determined to live life by the Good Book. Think you could‚Ä¶"
141,CBS,Mon Feb 12 18:49:45 +0000 2018,0.0,0.0,1.0,0.0,RT @thegoodfight: Christine Baranski reflects upon the spectacular metamorphosis of her character in #TheGoodFight's first season. Revisit‚Ä¶
142,CBS,Mon Feb 12 01:32:33 +0000 2018,0.0,0.0,1.0,0.0,RT @startrekcbs: Binge the entire first season of #StarTrekDiscovery. All 15 episodes now streaming on CBS All Access: https://t.co/lKLaptP‚Ä¶
143,CBS,Fri Feb 09 00:50:01 +0000 2018,0.304,0.0,0.696,0.8478,RT @SuperiorDonuts: Looking for a #Valentine? Tush is here to help you land your dream date just in time for the day of love! #SuperiorDonu‚Ä¶
144,CBS,Thu Feb 08 16:09:35 +0000 2018,0.0,0.186,0.814,-0.5859,RT @CBSBigBrother: The pressure is on as the Houseguests battle each other for victory in the first HOH competition. Stream the season prem‚Ä¶
145,CBS,Wed Feb 07 18:35:19 +0000 2018,0.066,0.0,0.934,0.0516,"RT @startrekcbs: Sunday, this season's epic journey reaches its final reckoning. Catch up before the season finale: https://t.co/4Ea5wpmAep‚Ä¶"
146,CBS,Wed Feb 07 16:17:48 +0000 2018,0.312,0.152,0.536,0.5574,"Are you a sucker for jaw-dropping talent competitions? Announcing The World's Best, a first-of-its-kind new global‚Ä¶ https://t.co/fagCMklm2Z"
147,CBS,Tue Feb 06 22:21:39 +0000 2018,0.0,0.0,1.0,0.0,"RT @BullCBS: Tonight, one of these 3 TAC employees will end up incarcerated. Who do you think it will be? Tune into a new episode of #Bull‚Ä¶"
148,CBS,Tue Feb 06 17:05:49 +0000 2018,0.121,0.106,0.773,0.0772,"RT @thegoodfight: There's no season like lawyer season. #TheGoodFight returns March 4, exclusively on CBS All Access. https://t.co/XAlrg1nB‚Ä¶"
149,CBS,Sun Feb 04 15:35:36 +0000 2018,0.0,0.0,1.0,0.0,"RT @thegoodfight: The acclaimed series returns in 1 month. #TheGoodFight is back Sunday, March 4. https://t.co/5BNLTYRd8p https://t.co/yInP‚Ä¶"
150,CBS,Sun Feb 04 12:00:01 +0000 2018,0.118,0.0,0.882,0.1531,".@KeshaRose's emotional performance with @CyndiLauper, @AndraDayMusic, @BebeRexha and @Camila_Cabello brought the a‚Ä¶ https://t.co/qpgS2e9ir0"
151,CBS,Sat Feb 03 23:11:43 +0000 2018,0.0,0.0,1.0,0.0,Broadway legend Patti LuPone paid tribute to Sir Andrew Lloyd Webber with a show-stopping rendition of the iconic s‚Ä¶ https://t.co/GxqLtUzhFP
152,CBS,Sat Feb 03 12:00:07 +0000 2018,0.338,0.0,0.662,0.8268,"Relive an entire night's worth of big wins, live performances and many more inspiring moments from The 60th Annual‚Ä¶ https://t.co/CH7mJ4Y3QT"
153,CBS,Fri Feb 02 22:36:13 +0000 2018,0.0,0.075,0.925,-0.0772,RT @swatcbs: ‚ú®@TheTalkCBS' @TheRealEve and @ShemarMoore brought some serious heat to the GRAMMYs red carpet: https://t.co/WYTITKkLQd https:‚Ä¶
154,CBS,Fri Feb 02 20:07:40 +0000 2018,0.144,0.0,0.856,0.4019,"The all-star collaboration between @Rihanna, @DJKhaled and @brysontiller brought the party to the #GRAMMYs with a s‚Ä¶ https://t.co/jTv5QbtgUp"
155,CBS,Fri Feb 02 19:03:33 +0000 2018,0.124,0.0,0.876,0.4003,RT @TheTalkCBS: All the #redcarpet looks from the 60th annual #GRAMMYs! Did you catch @TheRealEve's sparkly two-piece suit? Diamond accents‚Ä¶
156,CBS,Fri Feb 02 17:23:18 +0000 2018,0.166,0.0,0.834,0.6114,Go backstage with the celebs and see which stars celebrated the big night together! Here are the moments you missed‚Ä¶ https://t.co/rgQTXRQyLg
157,CBS,Thu Feb 01 22:04:41 +0000 2018,0.0,0.0,1.0,0.0,üé∂ @DearEvanHansen star Ben Platt gave a soaring performance of a classic Broadway hit. Watch him perform 'Somewhere‚Ä¶ https://t.co/HcuizFWo02
158,CBS,Thu Feb 01 20:09:49 +0000 2018,0.0,0.0,1.0,0.0,"üé∏ @LittleBigTown, @U2, @BrunoMars and @Pink are just a few of the superstar performers that lit up the stage at The‚Ä¶ https://t.co/2v0MNYMItG"
159,CBS,Wed Jan 31 21:42:15 +0000 2018,0.088,0.0,0.912,0.1139,"Don't miss country stars Emmylou Harris and @ChrisStapleton perform a moving rendition of @TomPetty's classic song,‚Ä¶ https://t.co/GxoIW97XIu"
160,CBS,Wed Jan 31 17:05:47 +0000 2018,0.135,0.115,0.75,0.1007,RT @survivorcbs: Get excited! üôå It‚Äôs finally time to meet the castaways of #Survivor: Ghost Island ‚ò† https://t.co/xQQ8ROhKbM https://t.co/P‚Ä¶
161,CBS,Wed Jan 31 16:37:17 +0000 2018,0.188,0.0,0.812,0.4588,"Country stars @EricChurch, @BrothersOsborne and @MarenMorris performed a touching tribute dedicated to the victims‚Ä¶ https://t.co/YCIq9i70fd"
162,CBS,Wed Jan 31 06:55:30 +0000 2018,0.126,0.095,0.779,0.1779,Missed the Man vs. Beast #SuperBowlCommercials showdown? Catch up now to find out which entertaining ad was named t‚Ä¶ https://t.co/SlyO0n7yMX
163,CBS,Wed Jan 31 02:15:16 +0000 2018,0.179,0.252,0.569,-0.2263,"RT @rikimae: Ok, that one makes me cry #superbowlcommercials"
164,CBS,Wed Jan 31 01:58:40 +0000 2018,0.0,0.256,0.744,-0.4767,"If this doesn‚Äôt make you cry, nothing will. #SuperBowlCommercials https://t.co/UjFf3xr4so"
165,CBS,Wed Jan 31 01:52:46 +0000 2018,0.256,0.119,0.625,0.4939,"RT @maverickkr: #superbowlcommercials the frogs were great, I'd forgotten about that one."
166,CBS,Wed Jan 31 01:49:43 +0000 2018,0.19,0.0,0.81,0.5093,"If you haven't voted yet, it's not too late! Choose your favorite here: https://t.co/s4pEIF5IX8‚Ä¶ https://t.co/VCa1YHDyYy"
167,CBS,Wed Jan 31 01:31:27 +0000 2018,0.434,0.0,0.566,0.8261,RT @5691e44f3b66446: I am having so much fun ...the commercials are awesome #superbowlcommercials
168,CBS,Wed Jan 31 01:29:10 +0000 2018,0.414,0.0,0.586,0.8309,RT @LittleShelbyMae: Love watching the #superbowlcommercials all the animal ones are my favorite!!
169,CBS,Wed Jan 31 01:24:16 +0000 2018,0.386,0.0,0.614,0.6588,RT @PatHale915: Doritos time machine was great!   #superbowlcommercials
170,CBS,Wed Jan 31 01:18:37 +0000 2018,0.0,0.398,0.602,-0.5106,Never make a goat angry. #SuperBowlCommercials https://t.co/xRJssdAErk
171,CBS,Wed Jan 31 01:17:37 +0000 2018,0.0,0.0,1.0,0.0,RT @MsLindsieStarr: That dang goat! #Doritos #superbowlcommercials
172,CBS,Wed Jan 31 01:16:15 +0000 2018,0.349,0.0,0.651,0.7525,Do you remember this Super Bowl commercial featuring @KevinHart4real playing an overprotective father?‚Ä¶ https://t.co/ejLnTEG5ug
173,CBS,Wed Jan 31 01:08:01 +0000 2018,0.0,0.0,1.0,0.0,RT @dRoy: Homework will take a break for now. #superbowlcommercials on cbs is on üëå
174,CBS,Wed Jan 31 01:04:34 +0000 2018,0.58,0.0,0.42,0.8516,RT @Mixxxalv: Watching #superbowlcommercials let the best win!
175,CBS,Wed Jan 31 01:00:35 +0000 2018,0.351,0.0,0.649,0.8442,Super Bowl Greatest Commercials 2018 hosts @7BOOMERESIASON and @DanielaRuah are moments away from announcing the tw‚Ä¶ https://t.co/cKM1WXPc9u
176,CBS,Wed Jan 31 00:55:04 +0000 2018,0.406,0.0,0.594,0.923,It's Man vs. Beast as these classic Super Bowl spots face off tonight on Super Bowl Greatest Commercials 2018! Tune‚Ä¶ https://t.co/GcoSAcfeUd
177,CBS,Wed Jan 31 00:37:20 +0000 2018,0.206,0.0,0.794,0.5994,"Tonight, get a first look at #ChrisElliott starring in the new @AvosfromMexico Super Bowl Commercial on‚Ä¶ https://t.co/WMEjsZfgdg"
178,CBS,Wed Jan 31 00:11:53 +0000 2018,0.407,0.0,0.593,0.8834,"Join @NCISLA's @DanielaRuah and @7BOOMERESIASON on Super Bowl Greatest Commercials 2018, tonight at 8/7c on CBS and‚Ä¶ https://t.co/nzVu1FCRc5"
179,CBS,Tue Jan 30 23:35:01 +0000 2018,0.276,0.0,0.724,0.8553,Everyone knows the best part of the Super Bowl is the commercials! Find out how to tune in and vote for your favori‚Ä¶ https://t.co/KGDYl9oF98
180,CBS,Tue Jan 30 21:19:22 +0000 2018,0.306,0.0,0.694,0.8553,Throw it back to this classic Michael Jordan vs. Larry Bird spot tonight on Super Bowl Greatest Commercials 2018! W‚Ä¶ https://t.co/g2H4zV7wIN
181,CBS,Tue Jan 30 18:46:04 +0000 2018,0.391,0.0,0.609,0.9215,"Super Bowl Greatest Commercials 2018 airs tonight! Cast your vote now, then tune in and vote for the winner live at‚Ä¶ https://t.co/h4jGpUheP5"
182,CBS,Tue Jan 30 16:00:02 +0000 2018,0.0,0.0,1.0,0.0,Remember when @robinthicke and Lil Wayne (@liltunechi) joined jazz legends on stage at the 51st #GRAMMYs? Watch thi‚Ä¶ https://t.co/2l8gBdOrli
183,CBS,Tue Jan 30 04:03:31 +0000 2018,0.187,0.0,0.813,0.5994,"Tomorrow, catch a sneak peek of the incredible @TiffanyHaddish in her first Super Bowl Commercial for @Groupon on‚Ä¶ https://t.co/RlehujNvFN"
184,CBS,Tue Jan 30 03:17:51 +0000 2018,0.289,0.0,0.711,0.6908,Rapper @Logic301 delivered a poignant message of hope to conclude his powerful performance with @alessiacara and‚Ä¶ https://t.co/elSqZExRtN
185,CBS,Tue Jan 30 02:12:15 +0000 2018,0.0,0.0,1.0,0.0,Even our host @JKCorden was starstruck when Broadway icon Patti LuPone performed at The #GRAMMYs! https://t.co/YJhNBllFh6
186,CBS,Tue Jan 30 01:29:06 +0000 2018,0.0,0.115,0.885,-0.296,Childish Gambino serenaded the crowd with his smooth vocals in this mesmerizing performance. Watch him perform 'Ter‚Ä¶ https://t.co/TkWZP7PS22
187,CBS,Tue Jan 30 00:11:05 +0000 2018,0.0,0.0,1.0,0.0,.@OfficialSting and @shaggy757 joined together to bring their upbeat reggae vibes to Madison Square Garden. Watch t‚Ä¶ https://t.co/iqq0DbM1IR
188,CBS,Mon Jan 29 22:45:21 +0000 2018,0.115,0.0,0.885,0.3818,Superstar @Pink left it all on the stage last night in a simply stunning performance that brought the crowd to thei‚Ä¶ https://t.co/B9Tj5INcNu
189,CBS,Mon Jan 29 22:10:15 +0000 2018,0.162,0.079,0.758,0.5093,Check out these photos of the night's best backstage moments you didn't see on TV! Here's what you missed at The 60‚Ä¶ https://t.co/6TBI8NV8JJ
190,CBS,Mon Jan 29 20:00:04 +0000 2018,0.0,0.0,1.0,0.0,The dapper duo of @itstonybennett and @johnlegend brought down the #GRAMMYs house with an impromptu duet.‚Ä¶ https://t.co/ucRrAFk59f
191,CBS,Mon Jan 29 19:00:05 +0000 2018,0.286,0.0,0.714,0.7783,üé∂@BrunoMars worked his 24K Magic to become the night's biggest winner. See his #GRAMMYs acceptance speech for Album‚Ä¶ https://t.co/dXzjWH0myx
192,CBS,Mon Jan 29 18:00:02 +0000 2018,0.442,0.0,0.558,0.9259,When your win at The #GRAMMYs feels like 24K Magic! Congratulations to @BrunoMars for taking home six awards this y‚Ä¶ https://t.co/UhWCE8OKfK
193,CBS,Mon Jan 29 17:15:04 +0000 2018,0.0,0.0,1.0,0.0,‚ú®@LadyGaga's stripped-down performance soared on the #GRAMMYs stage. See all the night's performances here:‚Ä¶ https://t.co/Dw6xSzeeGC
194,CBS,Mon Jan 29 16:00:05 +0000 2018,0.163,0.0,0.837,0.5106,"Relive epic GRAMMY rock performances from @Metallica, @beck, @coldplay and more on @AppleMusic. Start your free tri‚Ä¶ https://t.co/xmkaZGjlMM"
195,CBS,Mon Jan 29 15:00:03 +0000 2018,0.086,0.0,0.914,0.1531,"The #GRAMMYs were full of emotional performances, stirring speeches, and jaw-dropping fashion. See all the red carp‚Ä¶ https://t.co/yqpOW9tWm3"
196,CBS,Mon Jan 29 14:00:02 +0000 2018,0.136,0.123,0.741,0.3182,Watch @BrunoMars and @iamcardib pull out all the stops at the #GRAMMYs for their fun and funky duet of 'Finesse.'‚Ä¶ https://t.co/z1ZTosotw9
197,CBS,Mon Jan 29 13:00:01 +0000 2018,0.293,0.0,0.707,0.6597,"With his powerful single 'Pray,"" @samsmithworld captivated the #GRAMMYs crowd. Watch the full performance:‚Ä¶ https://t.co/159qGVFyxW"
198,CBS,Mon Jan 29 12:00:03 +0000 2018,0.0,0.0,1.0,0.0,Music's biggest stars came together for a night of celebration and song at the The 60th Annual #GRAMMYs! Stream the‚Ä¶ https://t.co/flFIflTQ5s
199,CBS,Mon Jan 29 08:18:18 +0000 2018,0.0,0.0,1.0,0.0,The stage was packed with star power from start to finish on Music's Biggest Night¬Æ! Catch up on all the live perfo‚Ä¶ https://t.co/Mzqp82FiUS
200,CNN,Mon Mar 05 09:14:48 +0000 2018,0.107,0.0,0.893,0.34,"The US Embassy in Turkey told American citizens it is closed to the public on Monday because of a ""security threat,‚Ä¶ https://t.co/mEr1ZRsLHI"
201,CNN,Mon Mar 05 09:04:24 +0000 2018,0.451,0.0,0.549,0.91,"""The Shape of Water"" concludes its award season hot streak with a best picture win https://t.co/QU9LA0Fn5A #Oscars https://t.co/xu1RDswYGw"
202,CNN,Mon Mar 05 08:52:02 +0000 2018,0.0,0.0,1.0,0.0,Could Mongolian yak wool be the new cashmere?https://t.co/mdEAGX86Bk https://t.co/DAIenyJrK7
203,CNN,Mon Mar 05 08:36:37 +0000 2018,0.12,0.0,0.88,0.3818,The Chinese government announces economic growth target of 6.5% -- several notches below the 6.9% rate at which the‚Ä¶ https://t.co/KzLHV6ZF5N
204,CNN,Mon Mar 05 08:15:04 +0000 2018,0.0,0.0,1.0,0.0,"This little girl was completely awestruck by Michelle Obama's portrait and believes that the former first lady is ""‚Ä¶ https://t.co/7Ut6wUv0gE"
205,CNN,Mon Mar 05 08:04:24 +0000 2018,0.0,0.221,0.779,-0.6249,"Sir Roger Bannister, famed for being the first runner to break the four-minute-mile barrier, died on Saturday. He w‚Ä¶ https://t.co/0gIEGNtr9c"
206,CNN,Mon Mar 05 07:45:12 +0000 2018,0.061,0.0,0.939,0.0772,"""I want to dedicate this to everyone who let me raise my voice."" Jordan Peele becomes the first black screenwriter‚Ä¶ https://t.co/zwEHnz0rjE"
207,CNN,Mon Mar 05 07:39:49 +0000 2018,0.0,0.213,0.787,-0.5574,"South Africa's health ministry is warning consumers to avoid ""all processed meat products that are sold as ready-to‚Ä¶ https://t.co/uX1zaZ5ccz"
208,CNN,Mon Mar 05 07:34:29 +0000 2018,0.0,0.0,1.0,0.0,"A high-ranking South Korean delegation headed to North Korea on Monday, where they will raise the possibility of ta‚Ä¶ https://t.co/O5ttCjMsXl"
209,CNN,Mon Mar 05 07:30:28 +0000 2018,0.0,0.0,1.0,0.0,"This little girl was completely awestruck by Michelle Obama's portrait and believes that the former first lady is ""‚Ä¶ https://t.co/arjDEpxcMH"
210,CNN,Mon Mar 05 07:26:57 +0000 2018,0.265,0.0,0.735,0.6597,Italy is facing a populist uprising after a surge in support for anti-European parties in Sunday's parliamentary el‚Ä¶ https://t.co/uW1zrBpqlx
211,CNN,Mon Mar 05 07:21:47 +0000 2018,0.423,0.0,0.577,0.9001,"During her acceptance speech, best actress winner Frances McDormand invited all the Oscar-nominated women in the au‚Ä¶ https://t.co/hzPUy9qUmK"
212,CNN,Mon Mar 05 07:15:03 +0000 2018,0.0,0.0,1.0,0.0,Syrian President Bashar al-Assad says operations in Eastern Ghouta will continue https://t.co/gCTFkUWHZu https://t.co/utai7jnrUW
213,CNN,Mon Mar 05 07:10:04 +0000 2018,0.576,0.0,0.424,0.9426,Keegan-Michael Key cheering for BFF Jordan Peele's Oscar win is friend goals https://t.co/mbSXwmvbJ0 #Oscars https://t.co/JITgEUGF3R
214,CNN,Mon Mar 05 07:00:33 +0000 2018,0.0,0.0,1.0,0.0,Could Mongolian yak wool be the new cashmere?https://t.co/CAVHzLZ9y1 https://t.co/jQk2KbCXuh
215,CNN,Mon Mar 05 07:00:05 +0000 2018,0.0,0.0,1.0,0.0,"Robin Wright takes the lead in the first trailer for ""House of Cards"" Season 6 https://t.co/KAbkfBSeZP https://t.co/HWAHDUVWQq"
216,CNN,Mon Mar 05 06:45:09 +0000 2018,0.0,0.081,0.919,-0.128,China's parliament session: Xi Jinping to dominate this year's proceedings as delegates are expected to rubber stam‚Ä¶ https://t.co/I2pBKebgkR
217,CNN,Mon Mar 05 06:30:10 +0000 2018,0.0,0.216,0.784,-0.5106,What Parkland law enforcement failed to learn from Columbine https://t.co/fDnfh35fJL (via @CNNOpinion) https://t.co/PIEqdXhORU
218,CNN,Mon Mar 05 06:15:08 +0000 2018,0.0,0.0,1.0,0.0,"Former Secretary of State Condoleezza Rice says America is ""a country divided"" https://t.co/OKk1mhjkJK https://t.co/2F7qYMtqO1"
219,CNN,Mon Mar 05 06:00:20 +0000 2018,0.15,0.0,0.85,0.4588,Rita Moreno wears the same dress she wore to the 1962 #Oscars to Sunday's Academy Awards https://t.co/oYBZ7uCbAX https://t.co/lMaXjEljy8
220,CNN,Mon Mar 05 05:45:07 +0000 2018,0.471,0.0,0.529,0.8402,Jet-ski winner Mark Bridges had the best #Oscars night https://t.co/NwjCJIIDG2 https://t.co/XsN13UDfoM
221,CNN,Mon Mar 05 05:45:05 +0000 2018,0.0,0.0,1.0,0.0,"Of course, the #Oscars have plenty of political moments https://t.co/GYFMXWCtAY https://t.co/jGwGzVHXlV"
222,CNN,Mon Mar 05 05:33:33 +0000 2018,0.123,0.0,0.877,0.4215,"""We all have stories to tell."" Frances McDormand invites all female Oscar nominees to stand up in an inspiring spee‚Ä¶ https://t.co/uW1HsTUca7"
223,CNN,Mon Mar 05 05:30:14 +0000 2018,0.237,0.0,0.763,0.4767,Here's a full list of the #Oscars nominees and winners https://t.co/OtXLWPDEUn https://t.co/GjnWZGb7RZ
224,CNN,Mon Mar 05 05:25:06 +0000 2018,0.107,0.0,0.893,0.34,"The US Embassy in Turkey told American citizens it is closed to the public on Monday because of a ""security threat,‚Ä¶ https://t.co/YrRxUJopAF"
225,CNN,Mon Mar 05 05:15:09 +0000 2018,0.451,0.0,0.549,0.91,"""The Shape of Water"" concludes its award season hot streak with a best picture win https://t.co/9ykf4rghf3 #Oscars https://t.co/TuZxFqsYUj"
226,CNN,Mon Mar 05 05:01:10 +0000 2018,0.0,0.0,1.0,0.0,Jimmy Kimmel's Oscars movie theater stunt was a hit https://t.co/Pham0gw9gS https://t.co/iQeFereksA
227,CNN,Mon Mar 05 05:00:46 +0000 2018,0.257,0.175,0.568,0.4371,"""The Shape of Water"" wins as the #Oscars tackle the serious without losing the fun https://t.co/kwI03xWXdE https://t.co/wNXf6PjnLN"
228,CNN,Mon Mar 05 04:48:38 +0000 2018,0.0,0.081,0.919,-0.128,China's parliament session: Xi Jinping to dominate this year's proceedings as delegates are expected to rubber stam‚Ä¶ https://t.co/fWhZ7hqN6c
229,CNN,Mon Mar 05 04:47:07 +0000 2018,0.441,0.0,0.559,0.836,JUST IN: ‚ÄúThe Shape of Water‚Äù wins best picture #Oscars https://t.co/VtISBHbh9z https://t.co/nf9nYZuA6F
230,CNN,Mon Mar 05 04:35:24 +0000 2018,0.0,0.0,1.0,0.0,"These are the 10 activists who were on stage with Common and Andra Day:

‚ñ† Alice Brown Otter
‚ñ† Bana Alabed
‚ñ† Bryan‚Ä¶ https://t.co/xUnaYTQXQf"
231,CNN,Mon Mar 05 04:35:08 +0000 2018,0.361,0.0,0.639,0.836,"Frances McDormand wins best actress in a leading role for ‚ÄúThree Billboards Outside Ebbing, Missouri‚Äù #Oscars‚Ä¶ https://t.co/daVIL7NlRL"
232,CNN,Mon Mar 05 04:25:13 +0000 2018,0.397,0.0,0.603,0.836,Gary Oldman wins best actor in a leading role for ‚ÄúDarkest Hour‚Äù #Oscars https://t.co/g5f1xs8CnO https://t.co/uqKPDu4gTL
233,CNN,Mon Mar 05 04:15:05 +0000 2018,0.397,0.0,0.603,0.836,Guillermo del Toro wins best directing for ‚ÄúThe Shape of Water‚Äù #Oscars https://t.co/YqrvqihE7o https://t.co/pOO0nq5kGb
234,CNN,Mon Mar 05 04:15:05 +0000 2018,0.394,0.0,0.606,0.7579,The #Oscars celebrate women and diversity with a powerful #TimesUp montage https://t.co/QxdvOelUcX https://t.co/Is6HIkJuY8
235,CNN,Mon Mar 05 04:04:06 +0000 2018,0.56,0.0,0.44,0.8807,‚ÄúCoco‚Äù wins best original song for ‚ÄúRemember Me‚Äù #Oscars https://t.co/6PD8NddOap https://t.co/lXWgMaaTfu
236,CNN,Mon Mar 05 04:00:24 +0000 2018,0.56,0.0,0.44,0.8807,‚ÄúThe Shape of Water‚Äù wins best original score #Oscars https://t.co/XzuYLSCWqq https://t.co/Vf6awwIRMB
237,CNN,Mon Mar 05 03:50:05 +0000 2018,0.167,0.0,0.833,0.5574,"Daniela Vega, the star of Oscar-winning film ""A Fantastic Woman,"" makes Oscar history, becoming the first openly tr‚Ä¶ https://t.co/VS3JFsgXJh"
238,CNN,Mon Mar 05 03:49:14 +0000 2018,0.53,0.0,0.47,0.836,‚ÄúBlade Runner 2049‚Äù wins best cinematography #Oscars https://t.co/xImqtr2Ttg https://t.co/7rbLFvl9m6
239,CNN,Mon Mar 05 03:46:49 +0000 2018,0.061,0.0,0.939,0.0772,"""I want to dedicate this to everyone who let me raise my voice."" Jordan Peele becomes the first black screenwriter‚Ä¶ https://t.co/V7tYyTupHM"
240,CNN,Mon Mar 05 03:46:47 +0000 2018,0.0,0.151,0.849,-0.5994,"For the first time since the end of the Vietnam War more than four decades ago, a US Navy aircraft carrier will set‚Ä¶ https://t.co/MfHhw66DEB"
241,CNN,Mon Mar 05 03:38:04 +0000 2018,0.63,0.0,0.37,0.8807,‚ÄúGet Out‚Äù wins best original screenplay #Oscars https://t.co/4xdUYlDptp https://t.co/7khrGqWaJs
242,CNN,Mon Mar 05 03:33:05 +0000 2018,0.441,0.0,0.559,0.836,‚ÄúCall Me by Your Name‚Äù wins best adapted screenplay #Oscars https://t.co/qtFq7lpFbI https://t.co/lgSFgo4VRa
243,CNN,Mon Mar 05 03:25:50 +0000 2018,0.0,0.0,1.0,0.0,"A cold snap gripping Europe continued to take a toll into the weekend, with 3 more deaths reported in Poland https://t.co/FJebsUI1fs"
244,CNN,Mon Mar 05 03:16:09 +0000 2018,0.441,0.0,0.559,0.836,‚ÄúThe Silent Child‚Äù wins best live action short film #Oscars https://t.co/d4DkZCBEk9 https://t.co/f0SP1f41BD
245,CNN,Mon Mar 05 03:13:26 +0000 2018,0.397,0.0,0.603,0.836,‚ÄúHeaven is a Traffic Jam on the 405‚Äù wins best documentary short #Oscars https://t.co/ctVT6JViYZ https://t.co/WPIVOp7neH
246,CNN,Mon Mar 05 03:10:14 +0000 2018,0.0,0.0,1.0,0.0,"Guatemala will move its embassy in Israel to Jerusalem in two months, just two days after the US plans to relocate‚Ä¶ https://t.co/mrklXP3KqO"
247,CNN,Mon Mar 05 03:04:21 +0000 2018,0.231,0.0,0.769,0.4588,"RT @CNNPhotos: The 2018 Academy Awards, in pictures: https://t.co/kaepIAw7rI #Oscars https://t.co/tkOrLnLaLL"
248,CNN,Mon Mar 05 02:59:34 +0000 2018,0.12,0.0,0.88,0.3818,The Chinese government announces economic growth target of 6.5% -- several notches below the 6.9% rate at which the‚Ä¶ https://t.co/FvZDmwC10t
249,CNN,Mon Mar 05 02:57:53 +0000 2018,0.303,0.0,0.697,0.7269,The winners list: See if your favorite films are scoring big at the #Oscars. https://t.co/P6l6mEbyXu https://t.co/ishfb9j81T
250,CNN,Mon Mar 05 02:57:08 +0000 2018,0.568,0.0,0.432,0.836,‚ÄúDunkirk‚Äù wins best film editing #Oscars https://t.co/WU3Vo7mILJ https://t.co/5aZJQRqVv3
251,CNN,Mon Mar 05 02:54:05 +0000 2018,0.497,0.0,0.503,0.836,‚ÄúBlade Runner 2049‚Äù wins best visual effects #Oscars https://t.co/MCmyDExR5k https://t.co/zYhDsmaVCx
252,CNN,Mon Mar 05 02:47:55 +0000 2018,0.0,0.221,0.779,-0.6249,"Sir Roger Bannister, famed for being the first runner to break the four-minute-mile barrier, died on Saturday. He w‚Ä¶ https://t.co/xdMnfUaf0w"
253,CNN,Mon Mar 05 02:42:07 +0000 2018,0.53,0.0,0.47,0.836,‚ÄúCoco‚Äù wins best animated feature film #Oscars https://t.co/iL6PqHu3Ow https://t.co/MIKzo9C8Cg
254,CNN,Mon Mar 05 02:40:15 +0000 2018,0.268,0.0,0.732,0.6705,"""Dreams are the foundation of Hollywood."" Lupita Nyong'o and Kumail Nanjiani deliver a powerful message to ""Dreamer‚Ä¶ https://t.co/B2mhrZ5PJ4"
255,CNN,Mon Mar 05 02:39:06 +0000 2018,0.497,0.0,0.503,0.836,‚ÄúDear Basketball‚Äù wins best animated short film #Oscars https://t.co/EMBBntuBoP https://t.co/Rp4HScODVT
256,CNN,Mon Mar 05 02:31:05 +0000 2018,0.495,0.0,0.505,0.8957,"Allison Janney wins best actress in a supporting role for ‚ÄúI, Tonya‚Äù #Oscars https://t.co/Zg9aOU8eLN https://t.co/eaS2GV7YLS"
257,CNN,Mon Mar 05 02:27:24 +0000 2018,0.143,0.0,0.857,0.4588,Rita Moreno wears the same dress she wore to the #Oscars in 1962 to Sunday's Academy Awards. https://t.co/q6jiuUXx38 https://t.co/dfj8ds7P7c
258,CNN,Mon Mar 05 02:25:07 +0000 2018,0.59,0.0,0.41,0.91,‚ÄúA Fantastic Woman‚Äù wins best foreign language film #Oscars https://t.co/NJvn1fO0iV https://t.co/2faxahHzai
259,CNN,Mon Mar 05 02:23:32 +0000 2018,0.0,0.0,1.0,0.0,Host Jimmy Kimmel asks Steven Spielberg if he has any pot. Follow along with our #Oscars live blog:‚Ä¶ https://t.co/XZ3d8tmv5o
260,CNN,Mon Mar 05 02:11:16 +0000 2018,0.467,0.0,0.533,0.836,‚ÄúThe Shape of Water‚Äù wins best production design #Oscars https://t.co/3LiuMZZrZA https://t.co/3UouzIkrnM
261,CNN,Mon Mar 05 02:09:30 +0000 2018,0.36,0.0,0.64,0.7351,Read the best jokes and one-liners from Jimmy Kimmel's monologue  https://t.co/HrkYNQO2D2 #Oscars https://t.co/QI6kwf5D7Y
262,CNN,Mon Mar 05 02:02:08 +0000 2018,0.568,0.0,0.432,0.836,‚ÄúDunkirk‚Äù wins best sound mixing #Oscars https://t.co/cJWA1m90WX https://t.co/w2ehU6mURI
263,CNN,Mon Mar 05 01:59:08 +0000 2018,0.568,0.0,0.432,0.836,‚ÄúDunkirk‚Äù wins best sound editing #Oscars https://t.co/ab5ebzGZ5P https://t.co/Mc8GNVUlBT
264,CNN,Mon Mar 05 01:52:42 +0000 2018,0.234,0.0,0.766,0.7003,China plans to boost its military spending by 8.1% in 2018 as it looks to further advance an ambitious modernizatio‚Ä¶ https://t.co/TdYIPinrBf
265,CNN,Mon Mar 05 01:51:52 +0000 2018,0.257,0.199,0.543,0.3818,The #Oscars hope to avoid a repeat of last year's best picture fiasco. Tonight's envelopes state the categories in‚Ä¶ https://t.co/lxvvVYvWR7
266,CNN,Mon Mar 05 01:41:13 +0000 2018,0.568,0.0,0.432,0.836,‚ÄúIcarus‚Äù wins best documentary feature #Oscars https://t.co/i8JFjh2dNN https://t.co/z3kQmQmzuz
267,CNN,Mon Mar 05 01:38:40 +0000 2018,0.0,0.176,0.824,-0.5733,"""We don't make films like 'Call Me By Your Name' for money. We make them to upset Mike Pence,"" Jimmy Kimmel quips i‚Ä¶ https://t.co/kRl0OdiK3D"
268,CNN,Mon Mar 05 01:36:20 +0000 2018,0.123,0.1,0.776,0.128,"Polls have closed in Italian parliamentary elections, with the first exit polls showing no party has received more‚Ä¶ https://t.co/LKs9k5C6aZ"
269,CNN,Mon Mar 05 01:33:09 +0000 2018,0.53,0.0,0.47,0.836,‚ÄúPhantom Thread‚Äù wins best costume design #Oscars https://t.co/swgoIiezZt https://t.co/VMFgBzQgmM
270,CNN,Mon Mar 05 01:30:10 +0000 2018,0.0,0.0,1.0,0.0,Here's where you can watch 30 of this year's Oscar-nominated movies https://t.co/BF3sErmxFf https://t.co/C3O9X3Fa7J
271,CNN,Mon Mar 05 01:28:02 +0000 2018,0.497,0.0,0.503,0.836,‚ÄúDarkest Hour‚Äù wins best makeup and hairstyling #Oscars https://t.co/vCTrEwEUq5 https://t.co/ZfClzEyjFq
272,CNN,Mon Mar 05 01:19:08 +0000 2018,0.435,0.0,0.565,0.8957,"Sam Rockwell wins best actor in a supporting role for ‚ÄúThree Billboards Outside of Ebbing, Missouri‚Äù #Oscars‚Ä¶ https://t.co/vh73HkfFCj"
273,CNN,Mon Mar 05 01:16:47 +0000 2018,0.0,0.0,1.0,0.0,"""This is history in the making right here."" Jimmy Kimmel opens the #Oscars with a pointed monologue.‚Ä¶ https://t.co/ueaKLUwFUa"
274,CNN,Mon Mar 05 01:15:03 +0000 2018,0.181,0.0,0.819,0.4767,Watching the #Oscars? Follow along live to see the winners and other happenings: https://t.co/0FULq45bUr https://t.co/pfd9WcpTZ4
275,CNN,Mon Mar 05 01:11:36 +0000 2018,0.0,0.0,1.0,0.0,Live blog: Follow along for all the biggest moments #Oscars https://t.co/xfGavvlsRZ https://t.co/dIN7bAVuKm
276,CNN,Mon Mar 05 01:00:50 +0000 2018,0.0,0.248,0.752,-0.3182,Ryan Seacrest avoids awkward encounters on the #Oscars red carpet. https://t.co/lrM8muS9p5 https://t.co/SOhYCVknQz
277,CNN,Mon Mar 05 01:00:09 +0000 2018,0.162,0.23,0.608,-0.25,"""Security threat"" forces closing of US Embassy in Turkey https://t.co/5ijMbgetK2 https://t.co/6uz0CUXws2"
278,CNN,Mon Mar 05 01:00:06 +0000 2018,0.0,0.0,1.0,0.0,"RT @CNNPhotos: The stars are out! See what they‚Äôre wearing on the red carpet before Hollywood‚Äôs biggest night of the year, the Academy Awar‚Ä¶"
279,CNN,Mon Mar 05 00:45:07 +0000 2018,0.0,0.248,0.752,-0.5106,"Remembering the ""Moonlight"" and ""La La Land"" Oscars fiasco https://t.co/qEQ6zy5Luk https://t.co/MAts5BWRkO"
280,CNN,Mon Mar 05 00:30:13 +0000 2018,0.0,0.0,1.0,0.0,This start-up wants to evaluate your news sources https://t.co/trBsNiS3ky https://t.co/rFiwpxcEf0
281,CNN,Mon Mar 05 00:20:12 +0000 2018,0.0,0.0,1.0,0.0,See what the stars are wearing on the Oscars red carpet ‚Äî and find out why figure-skating Olympian Adam Rippon is t‚Ä¶ https://t.co/UwKsbghkI1
282,CNN,Mon Mar 05 00:00:39 +0000 2018,0.0,0.0,1.0,0.0,"Former Secretary of State Condoleezza Rice says Secretary of State Rex Tillerson's job can be ""exceedingly difficul‚Ä¶ https://t.co/tBuEIMBvMQ"
283,CNN,Sun Mar 04 23:45:06 +0000 2018,0.0,0.0,1.0,0.0,Jimmy Kimmel brings new political profile to Oscar-host role https://t.co/AO2WkjuHwE https://t.co/uS09CZuAjX
284,CNN,Sun Mar 04 23:30:14 +0000 2018,0.167,0.0,0.833,0.4588,See what your favorite celebrities are wearing on the red carpet at the #Oscars. https://t.co/1hF4kqTaGL https://t.co/cf9TwnjChw
285,CNN,Sun Mar 04 23:30:12 +0000 2018,0.0,0.111,0.889,-0.128,West Virginia teachers will strike for eighth day after legislative impasse https://t.co/o7uXQyelVc https://t.co/4bBYm1GoW8
286,CNN,Sun Mar 04 23:15:04 +0000 2018,0.25,0.0,0.75,0.4588,Oscars close awards season darkened by #MeToo cloud https://t.co/dIvSB5wtOd https://t.co/gIF0ISGrrf
287,CNN,Sun Mar 04 23:00:22 +0000 2018,0.0,0.0,1.0,0.0,Polls close in Italian parliamentary elections https://t.co/fXYD1R98Lm https://t.co/RJT8wc2Qnj
288,CNN,Sun Mar 04 22:49:30 +0000 2018,0.0,0.0,1.0,0.0,"""We have some record nominations this year for the black community, but the fact that we are still talking about fi‚Ä¶ https://t.co/d7lO09zxWM"
289,CNN,Sun Mar 04 22:30:26 +0000 2018,0.355,0.0,0.645,0.5267,Lacoste adopts temporary logo to help endangered species https://t.co/lFr13YKbXg https://t.co/r9MgEmV9G7
290,CNN,Sun Mar 04 22:19:06 +0000 2018,0.0,0.0,1.0,0.0,"This little girl was completely awestruck by Michelle Obama's portrait and believes that the former first lady is ""‚Ä¶ https://t.co/5xpNihqcvX"
291,CNN,Sun Mar 04 22:04:50 +0000 2018,0.13,0.0,0.87,0.4588,This is what to expect at tonight's Academy Awards. CNN correspondent Stephanie Elam is live on the #Oscars red car‚Ä¶ https://t.co/ENjgJF4Jm0
292,CNN,Sun Mar 04 22:00:03 +0000 2018,0.0,0.0,1.0,0.0,"Need to prep your #Oscars picks at the last minute? Here's the full list of nominees, plus a printable ballot:‚Ä¶ https://t.co/amASAfwKOr"
293,CNN,Sun Mar 04 21:45:53 +0000 2018,0.0,0.135,0.865,-0.3612,Israeli Prime Minister Benjamin Netanyahu is fighting for his political survival. Here's what else President Trump‚Ä¶ https://t.co/4h5otK4fEq
294,CNN,Sun Mar 04 21:38:07 +0000 2018,0.116,0.0,0.884,0.1477,"So, you want to make an Oscar-winning movie? Take this quiz. https://t.co/hCRbYPiSv2 https://t.co/TBeaRNOOuW"
295,CNN,Sun Mar 04 21:23:08 +0000 2018,0.0,0.0,1.0,0.0,Advertisers flee InfoWars founder Alex Jones' YouTube channel https://t.co/wSRTqvIlTe https://t.co/bcNnOXB7HC
296,CNN,Sun Mar 04 21:14:02 +0000 2018,0.0,0.0,1.0,0.0,The Trump administration is pushing back on reports that White House chief economist Gary Cohn is mulling White Hou‚Ä¶ https://t.co/coTX4cfqBc
297,CNN,Sun Mar 04 21:04:05 +0000 2018,0.0,0.0,1.0,0.0,Here's what corporate America is saying about Trump's tariffs https://t.co/7wL5iCpCqQ https://t.co/qC5bExcl5A
298,CNN,Sun Mar 04 20:54:07 +0000 2018,0.355,0.0,0.645,0.5267,Lacoste adopts temporary logo to help endangered species https://t.co/lCXbSTmxYC https://t.co/GYE5iRpxlr
299,CNN,Sun Mar 04 20:45:13 +0000 2018,0.184,0.0,0.816,0.4019,Dwyane Wade gives special jersey to family of slain Florida student https://t.co/qGUZbFbDVV https://t.co/IKfaxOehbv
300,Fox News,Mon Mar 05 09:15:00 +0000 2018,0.197,0.145,0.658,0.2023,".@Kathy4Truth: ""No one cares about Russia except for Democrats and Russians."" https://t.co/N6duRRlZuC"
301,Fox News,Mon Mar 05 09:10:03 +0000 2018,0.0,0.167,0.833,-0.3818,"As tariff battle heats up, #Trump says US steel, aluminum industries 'dead' https://t.co/zICZNhpRvt https://t.co/9JrUxflyhz"
302,Fox News,Mon Mar 05 09:10:00 +0000 2018,0.0,0.266,0.734,-0.6908,"Washington student detailed 'mass murder' plot at high school in journal, officials say https://t.co/BgiY5YF7fI"
303,Fox News,Mon Mar 05 09:05:01 +0000 2018,0.273,0.0,0.727,0.4588,Welcome snow slows California's plunge back to drought https://t.co/FrIRQhcOKN
304,Fox News,Mon Mar 05 08:59:00 +0000 2018,0.147,0.0,0.853,0.4767,".@DevinNunes on House Intelligence Committee: ""This is the first time in a long time where you've seen Congress rea‚Ä¶ https://t.co/1qiPNcZElm"
305,Fox News,Mon Mar 05 08:53:00 +0000 2018,0.149,0.0,0.851,0.2732,"On @foxandfriends, forklift driver and former lifelong Democrat-turned-@realDonaldTrump supporter Geno DiFabio prai‚Ä¶ https://t.co/1IS3W3hmdA"
306,Fox News,Mon Mar 05 08:49:00 +0000 2018,0.0,0.198,0.802,-0.5719,".@KatrinaPierson: ""There are no boundaries at the level and the extent that they will go to to smear this President‚Ä¶ https://t.co/p51R3CR741"
307,Fox News,Mon Mar 05 08:45:00 +0000 2018,0.0,0.163,0.837,-0.5106,"A  weekend nor‚Äôeaster brought damaging high tides, flooding and power outages to the New England area. Thrashing wa‚Ä¶ https://t.co/7d7V3ceLyT"
308,Fox News,Mon Mar 05 08:40:00 +0000 2018,0.0,0.191,0.809,-0.3818,Invasive rodent threatens California wetlands and there's talk about eating them https://t.co/CEg1KgBtUp
309,Fox News,Mon Mar 05 08:35:00 +0000 2018,0.113,0.176,0.711,-0.3612,".@DevinNunes on FISA abuse: ""The [FISA] court was never told that the Democratic Party and the @HillaryClinton camp‚Ä¶ https://t.co/GJ601IPUks"
310,Fox News,Mon Mar 05 08:30:00 +0000 2018,0.089,0.266,0.645,-0.4939,"White House condemns Syria slaughter backed by Russia, Iran https://t.co/A3gRoA7zdK"
311,Fox News,Mon Mar 05 08:25:00 +0000 2018,0.0,0.133,0.867,-0.3818,".@David_Bossie on @realDonaldTrump's first year: ""He's in a fight every day with the swamp and when you're draining‚Ä¶ https://t.co/HJXB86daOU"
312,Fox News,Mon Mar 05 08:20:00 +0000 2018,0.0,0.0,1.0,0.0,"Amber Tamblyn says driver tried to hit her, baby, in Brooklyn https://t.co/9vjkKejlUl https://t.co/8EF1WtFnkB"
313,Fox News,Mon Mar 05 08:15:00 +0000 2018,0.0,0.0,1.0,0.0,".@RepTimRyan on his book 'The Real Food Revolution': ""There's a lot of people in our country that just aren't eatin‚Ä¶ https://t.co/4QnxqNC4EW"
314,Fox News,Mon Mar 05 08:10:00 +0000 2018,0.105,0.0,0.895,0.25,".@JudgeJeanine on @HillaryClinton: ""Unlike Obama who reduced our military every chance he could, Donald Trump has c‚Ä¶ https://t.co/HMIF8EFmzI"
315,Fox News,Mon Mar 05 08:05:00 +0000 2018,0.144,0.0,0.856,0.4019,".@RepMattGaetz: ""It‚Äôs absolutely time for Jeff Sessions to either appoint a second special counsel‚Ä¶ or have someone‚Ä¶ https://t.co/p0boaM2w4d"
316,Fox News,Mon Mar 05 07:59:00 +0000 2018,0.163,0.0,0.837,0.5719,".@kayleighmcenany on draining the DC swamp: ""He won the election not with an extraordinary amount of money. He won‚Ä¶ https://t.co/B521QRtX3D"
317,Fox News,Mon Mar 05 07:54:00 +0000 2018,0.0,0.288,0.712,-0.8271,"More
.@DevinNunes on FISA abuse: ""The FISA court is used to track bad guys, guys that are terrorists...in this case‚Ä¶ https://t.co/ra7JsXP5cp"
318,Fox News,Mon Mar 05 07:49:00 +0000 2018,0.0,0.0,1.0,0.0,"On ""Sunday Morning Futures with @MariaBartiromo,"" @GovMikeHuckabee defended @NRA members against those who call the‚Ä¶ https://t.co/Z8y7gXeEam"
319,Fox News,Mon Mar 05 07:44:00 +0000 2018,0.248,0.0,0.752,0.5106,Dem Congress hopeful posted eyebrow-raising comments about teen gymnast https://t.co/vzIZospjkL https://t.co/1NeIDmowq6
320,Fox News,Mon Mar 05 07:39:00 +0000 2018,0.0,0.256,0.744,-0.7351,".@SteveHiltonx: ""The American people got sick and tired of all that corruption. It is a big part of the reason‚Ä¶ https://t.co/gn4b7NnydS"
321,Fox News,Mon Mar 05 07:34:00 +0000 2018,0.178,0.0,0.822,0.3818,LAPD officer revives 3-week-old baby allegedly slammed on ground by dad: police https://t.co/zDJmqvNjs5
322,Fox News,Mon Mar 05 07:29:00 +0000 2018,0.0,0.0,1.0,0.0,".@SecretaryRoss: ""We're talking about a total of $9 billion of tariffs. That's about one half of one percent of the‚Ä¶ https://t.co/cfncz1Gk3I"
323,Fox News,Mon Mar 05 07:25:00 +0000 2018,0.223,0.0,0.777,0.3182,Airport worker rescues baby rabbit from deadly storm https://t.co/Gv5B49IQ8q
324,Fox News,Mon Mar 05 07:22:00 +0000 2018,0.0,0.0,1.0,0.0,"John Fund on @JoeBiden running in 2020: ""The Democrats have to make a fundamental decision. We know the Democratic‚Ä¶ https://t.co/0zlj0DKxwg"
325,Fox News,Mon Mar 05 07:17:00 +0000 2018,0.0,0.0,1.0,0.0,"""All the things that #Trump has done, it's just been historic."" 

@JesseBWatters talks to one of President‚Ä¶ https://t.co/C9adGwe9Pw"
326,Fox News,Mon Mar 05 07:12:00 +0000 2018,0.0,0.195,0.805,-0.5574,"Jane Harman on gun control: ""It's not a debate between guns or no guns, it's a debate about what level of protectio‚Ä¶ https://t.co/dICdECwFHk"
327,Fox News,Mon Mar 05 07:07:00 +0000 2018,0.382,0.0,0.618,0.8885,"During his acceptance speech for Best Actor in a Leading Role at the #Oscars, Gary Oldman expressed his gratitude t‚Ä¶ https://t.co/KqcluaROSL"
328,Fox News,Mon Mar 05 07:02:00 +0000 2018,0.219,0.0,0.781,0.6808,".@MariaBartiromo: ""The U.S. has been behind the curve in terms of free and fair trade for a long time, and @POTUS p‚Ä¶ https://t.co/wOgsE9gxuN"
329,Fox News,Mon Mar 05 06:58:00 +0000 2018,0.449,0.12,0.43,0.8248,"Italian election: Exit polls show right-wing, populist parties ahead but no clear winner https://t.co/HExPUqh3nK"
330,Fox News,Mon Mar 05 06:53:00 +0000 2018,0.206,0.0,0.794,0.6369,"Fmr. NYPD Commissioner Ray Kelly: ""We have to give credit where credit is due and that's to President Trump. He rai‚Ä¶ https://t.co/1LpWmXGwkH"
331,Fox News,Mon Mar 05 06:50:00 +0000 2018,0.0,0.196,0.804,-0.296,Putin: Russia will 'never' extradite citizens accused by US https://t.co/7dfScRBX0T
332,Fox News,Mon Mar 05 06:48:02 +0000 2018,0.067,0.0,0.933,0.0772,"""You and the Democrats have used Russia as an excuse for 
not winning."" 

On ""Justice,"" @JudgeJeanine reacted to‚Ä¶ https://t.co/TeJ4d26uM5"
333,Fox News,Mon Mar 05 06:45:00 +0000 2018,0.107,0.182,0.711,-0.2263,"Peter Navarro on POTUS' tariff hikes: Our aluminum industry, make no mistake, that thing is on life support. That w‚Ä¶ https://t.co/TsHZfGiU7N"
334,Fox News,Mon Mar 05 06:40:00 +0000 2018,0.0,0.0,1.0,0.0,Meghan Markle and Prince Harry's royal wedding: Everything you need to know https://t.co/JTlZiT31zt
335,Fox News,Mon Mar 05 06:35:00 +0000 2018,0.234,0.0,0.766,0.6705,"Peter Navarro on @POTUS' tariff hikes: ""What @realDonaldTrump wants to do is fulfill his campaign promises to the A‚Ä¶ https://t.co/kts7XSsuAL"
336,Fox News,Mon Mar 05 06:30:00 +0000 2018,0.313,0.145,0.542,0.4215,"#Trump, Netanyahu to meet amid growing uncertainty on Mideast peace deal https://t.co/XnRBzY8fao"
337,Fox News,Mon Mar 05 06:25:00 +0000 2018,0.116,0.0,0.884,0.3612,".@TGowdySC: ""This Democrat memo makes me smile. If it were up to @AdamSchiffCA... it would've been a haiku and not‚Ä¶ https://t.co/zRtj6923Mn"
338,Fox News,Mon Mar 05 06:20:00 +0000 2018,0.177,0.0,0.823,0.4215,Mueller team looking into possible United Arab Emirates money into #Trump campaign: report https://t.co/Qk1bgjfNpW
339,Fox News,Mon Mar 05 06:15:00 +0000 2018,0.0,0.121,0.879,-0.296,".@KimStrassel: ""@TheJusticeDept has no job investigating itself. It's not the way things go...@POTUS I know is frus‚Ä¶ https://t.co/9Cl296JrUT"
340,Fox News,Mon Mar 05 06:08:03 +0000 2018,0.412,0.0,0.588,0.8885,"During his acceptance speech for Best Actor in a Leading Role, Gary Oldman expressed his gratitude to America.‚Ä¶ https://t.co/jBMWO1Qzwa"
341,Fox News,Mon Mar 05 06:05:00 +0000 2018,0.0,0.195,0.805,-0.4404,ICE arrests 232 people in four-day raid of California's Bay Area https://t.co/Y8XE67UlLx https://t.co/NfsrGl82FS
342,Fox News,Mon Mar 05 06:00:21 +0000 2018,0.0,0.0,1.0,0.0,Tree believed to be planted by George Washington 227 years ago is knocked down by nor'easter https://t.co/E19yXOe5J4
343,Fox News,Mon Mar 05 05:55:00 +0000 2018,0.205,0.0,0.795,0.5984,.@MikeKellyPA: ‚ÄúThis is a president who stands for what is most important to America and that is our safety and sec‚Ä¶ https://t.co/ElLSnE6FHB
344,Fox News,Mon Mar 05 05:49:26 +0000 2018,0.277,0.0,0.723,0.7579,"During his performance of Best Original Song nominee ""Stand Up for Something,"" Common delivered this message to the‚Ä¶ https://t.co/mtVFbHrPaR"
345,Fox News,Mon Mar 05 05:45:00 +0000 2018,0.283,0.0,0.717,0.7717,A high school basketball player helped his team win its division championship in the New York high school playoffs‚Ä¶ https://t.co/6NbiVvqGdw
346,Fox News,Mon Mar 05 05:41:13 +0000 2018,0.383,0.0,0.617,0.4767,#Oscars 2018: List of winners https://t.co/uOBOb3lsZQ
347,Fox News,Mon Mar 05 05:40:00 +0000 2018,0.0,0.281,0.719,-0.69,'You're evil!' NYC mom of murdered kids erupts at nanny during trial https://t.co/Ew82U9qnIA
348,Fox News,Mon Mar 05 05:35:00 +0000 2018,0.213,0.0,0.787,0.4019,".@TGowdySC: ""I think we're trending perhaps towards another special counsel."" https://t.co/jtUzeKsSWw"
349,Fox News,Mon Mar 05 05:30:00 +0000 2018,0.244,0.0,0.756,0.6369,Frances McDormand invites all female #Oscars nominees to stand during Best Actress speech https://t.co/KhBLCbEoqf
350,Fox News,Mon Mar 05 05:25:00 +0000 2018,0.0,0.0,1.0,0.0,".@SecretaryRoss: ""We're talking about a total of $9 billion of tariffs. That's about one half of one percent of the‚Ä¶ https://t.co/lrLo9fm6b5"
351,Fox News,Mon Mar 05 05:19:00 +0000 2018,0.174,0.0,0.826,0.2263,WATCH: #Oscars stars say ‚Äòthank you‚Äô to surprised moviegoers https://t.co/QH7KKVZo97
352,Fox News,Mon Mar 05 05:14:00 +0000 2018,0.0,0.0,1.0,0.0,".@RealCandaceO: ""I just joined the @NRA... I'm a black American and I know that the @NRA was started as a civil rig‚Ä¶ https://t.co/0JDE7CLvI4"
353,Fox News,Mon Mar 05 05:10:00 +0000 2018,0.0,0.0,1.0,0.0,Audience reaction to Oscars' military tribute leaves some viewers underwhelmed https://t.co/1kaJmJWMb3
354,Fox News,Mon Mar 05 05:06:00 +0000 2018,0.0,0.0,1.0,0.0,".@GovMikeHuckabee: ""Tell me what would happen in Hollywood if you said, 'You can never show an AR-15, an M-16, a fu‚Ä¶ https://t.co/DM8LXjBcSQ"
355,Fox News,Mon Mar 05 04:59:26 +0000 2018,0.244,0.0,0.756,0.6369,Frances McDormand invites all female #Oscars nominees to stand during Best Actress speech https://t.co/LVDP8xLhnS
356,Fox News,Mon Mar 05 04:53:51 +0000 2018,0.421,0.0,0.579,0.8979,"JUST IN: ""The Shape of Water"" won Best Picture at the 90th Academy Awards Sunday night. #Oscars‚Ä¶ https://t.co/AUAB2EPvj1"
357,Fox News,Mon Mar 05 04:50:00 +0000 2018,0.241,0.0,0.759,0.5859,Kevin Harvick makes it two in a row with Las Vegas NASCAR win https://t.co/BDGwPSU7kW
358,Fox News,Mon Mar 05 04:45:00 +0000 2018,0.0,0.0,1.0,0.0,Democratic Rep. Danny Davis confirms Farrakhan relationship despite his view on 'the Jewish question' https://t.co/JkL4pbadxF
359,Fox News,Mon Mar 05 04:40:29 +0000 2018,0.317,0.0,0.683,0.836,"Frances McDormand wins the Oscar for Best Actress in a Leading Role for her performance in ""Three Billboards Outsid‚Ä¶ https://t.co/nntpvwdqt9"
360,Fox News,Mon Mar 05 04:40:00 +0000 2018,0.0,0.0,1.0,0.0,High Schooler Hits Miraculous Buzzer Beater https://t.co/TvICctxAmS
361,Fox News,Mon Mar 05 04:30:00 +0000 2018,0.0,0.0,1.0,0.0,Snowboarder Survives California Avalanche https://t.co/Ni0CumiRaN
362,Fox News,Mon Mar 05 04:29:53 +0000 2018,0.303,0.123,0.575,0.6908,"Gary Oldman wins the Oscar for Best Actor in a Leading Role for his performance in ""Darkest Hour.""‚Ä¶ https://t.co/2C5dk7Q0DV"
363,Fox News,Mon Mar 05 04:26:00 +0000 2018,0.297,0.0,0.703,0.5859,WATCH: Fans react to Allison Janney's first #Oscars win https://t.co/Ko2imK51St
364,Fox News,Mon Mar 05 04:22:00 +0000 2018,0.0,0.0,1.0,0.0,"Tiffany Haddish wears same gown to #Oscars that she wore to movie premiere, 'SNL' https://t.co/L7GTydrQEX"
365,Fox News,Mon Mar 05 04:21:38 +0000 2018,0.361,0.0,0.639,0.836,"Guillermo del Toro wins the Oscar for Best Directing for ""The Shape of Water."" https://t.co/WkmHhmz2qt https://t.co/zWr2Z4CdRt"
366,Fox News,Mon Mar 05 04:16:00 +0000 2018,0.322,0.0,0.678,0.765,"Mark Glyptis, President of United @Steelworkers Local 2911: ""@POTUS on his campaign promised to have fair trade, so‚Ä¶ https://t.co/EHp8KYiLb7"
367,Fox News,Mon Mar 05 04:14:00 +0000 2018,0.0,0.0,1.0,0.0,"On ""Sunday Morning Futures with @MariaBartiromo,"" @CommerceGov @SecretaryRoss gave his take on the past and future‚Ä¶ https://t.co/ZkyTacDXLw"
368,Fox News,Mon Mar 05 04:10:00 +0000 2018,0.0,0.0,1.0,0.0,"Maj. Gen. Don Alston: ""When we take stock of the overall nuclear capabilities that the Russians have and that the U‚Ä¶ https://t.co/UTD0WaYUxw"
369,Fox News,Mon Mar 05 04:05:00 +0000 2018,0.157,0.0,0.843,0.4215,Jennifer Lawrence climbs over chairs while juggling wine in true JLaw style at the #Oscars https://t.co/pu7EtafwUK
370,Fox News,Mon Mar 05 04:00:00 +0000 2018,0.0,0.355,0.645,-0.8271,"Pair get prison for dragging kitten behind jeep, killing it with rock, posting video online https://t.co/ewJghM8M0m"
371,Fox News,Mon Mar 05 03:55:00 +0000 2018,0.0,0.0,1.0,0.0,Democratic Rep. Danny Davis confirms Farrakhan relationship despite his view on 'the Jewish question' https://t.co/YMWsoDRuI7
372,Fox News,Mon Mar 05 03:50:00 +0000 2018,0.139,0.252,0.609,-0.3182,'Bloody Sunday' remembered in Alabama with emotional march https://t.co/2inAceGCKV
373,Fox News,Mon Mar 05 03:48:19 +0000 2018,0.147,0.0,0.853,0.4767,".@DevinNunes on House Intelligence Committee: ""This is the first time in a long time where you've seen Congress rea‚Ä¶ https://t.co/4TdBpGfmMO"
374,Fox News,Mon Mar 05 03:45:00 +0000 2018,0.0,0.103,0.897,-0.34,".@cabot_phillips on gun reform: ""Any time you give up rights to the government, do not expect to get them back. The‚Ä¶ https://t.co/lLi1TeCupU"
375,Fox News,Mon Mar 05 03:41:00 +0000 2018,0.0,0.0,1.0,0.0,".@Scaramucci rips Kelly, saying he's trying to 'lance the boil' in White House https://t.co/EH2R3gtlWy"
376,Fox News,Mon Mar 05 03:37:39 +0000 2018,0.113,0.176,0.711,-0.3612,".@DevinNunes on FISA abuse: ""The [FISA] court was never told that the Democratic Party and the @HillaryClinton camp‚Ä¶ https://t.co/nvPRGMcKWH"
377,Fox News,Mon Mar 05 03:28:58 +0000 2018,0.241,0.0,0.759,0.5859,.@kobebryant's #Oscars win raises eyebrows on social media on Time's Up-themed night https://t.co/jzdCuYichs
378,Fox News,Mon Mar 05 03:23:53 +0000 2018,0.0,0.266,0.734,-0.4404,#Oscars 2018: Harvey Weinstein scandal on everyone's minds https://t.co/EzNLoYfiaQ
379,Fox News,Mon Mar 05 03:22:36 +0000 2018,0.0,0.0,1.0,0.0,"During Saturday's Gridiron Dinner, President @realDonaldTrump said he ""won't rule out direct talks with Kim Jong Un‚Ä¶ https://t.co/t1Q8EThtNb"
380,Fox News,Mon Mar 05 03:15:32 +0000 2018,0.105,0.0,0.895,0.25,".@JudgeJeanine on @HillaryClinton: ""Unlike Obama who reduced our military every chance he could, Donald Trump has c‚Ä¶ https://t.co/XGpn7y5LJ1"
381,Fox News,Mon Mar 05 03:13:38 +0000 2018,0.0,0.288,0.712,-0.8271,".@DevinNunes on FISA abuse: ""The FISA court is used to track bad guys, guys that are terrorists...in this case, to‚Ä¶ https://t.co/YySEMPF7rN"
382,Fox News,Mon Mar 05 03:13:17 +0000 2018,0.498,0.0,0.502,0.8979,"Celebrities, fans react to Allison Janney's first Oscar win for Best Supporting Actress https://t.co/WRBFesnxbD"
383,Fox News,Mon Mar 05 03:08:41 +0000 2018,0.214,0.0,0.786,0.5994,Stars Kumail Nanjiani and Lupita Nyong'o took the stage at the #Oscars to share a message of support to Dreamers.‚Ä¶ https://t.co/YnanA7sazW
384,Fox News,Mon Mar 05 03:03:00 +0000 2018,0.089,0.266,0.645,-0.4939,"White House condemns Syria slaughter backed by Russia, Iran https://t.co/GGBpK62AU9"
385,Fox News,Mon Mar 05 03:00:01 +0000 2018,0.154,0.0,0.846,0.25,"Jimmy Kimmel's Donald Trump jokes, from the #Oscars to North Korea https://t.co/O5DCxEIPgG"
386,Fox News,Mon Mar 05 02:57:10 +0000 2018,0.0,0.133,0.867,-0.3818,".@David_Bossie on @realDonaldTrump's first year: ""He's in a fight every day with the swamp and when you're draining‚Ä¶ https://t.co/UsDWtdevLw"
387,Fox News,Mon Mar 05 02:53:52 +0000 2018,0.0,0.0,1.0,0.0,".@RepTimRyan on his book 'The Real Food Revolution': ""There's a lot of people in our country that just aren't eatin‚Ä¶ https://t.co/a268i41FyV"
388,Fox News,Mon Mar 05 02:45:49 +0000 2018,0.097,0.0,0.903,0.2609,.@RepMattGaetz: ‚ÄúWe will learn a lot of very helpful things from the inspector general‚Äôs report but then we need to‚Ä¶ https://t.co/e8j3Y8dCHp
389,Fox News,Mon Mar 05 02:40:46 +0000 2018,0.22,0.0,0.78,0.6858,".@SteveHiltonx on the Farm Bill: ""The favoring of larger farms is not just bad news for small farmers, it might be‚Ä¶ https://t.co/wiFMJRbPOa"
390,Fox News,Mon Mar 05 02:35:40 +0000 2018,0.419,0.0,0.581,0.8957,"Allison Janney wins the Oscar for Best Actress in a Supporting Role for her performance in ""I, Tonya.""‚Ä¶ https://t.co/Y5HRaap5TD"
391,Fox News,Mon Mar 05 02:30:26 +0000 2018,0.0,0.0,1.0,0.0,".@PeteHegseth joins @SteveHiltonx to discuss the ""Convention of States"" movement that looks to rein in the power of‚Ä¶ https://t.co/ENNiA8TWO3"
392,Fox News,Mon Mar 05 02:24:03 +0000 2018,0.0,0.0,1.0,0.0,Jimmy Kimmel kicks off #Oscars with anti-GOP political jabs after first professing positivity‚Ä¶ https://t.co/YxqdJdHeRA
393,Fox News,Mon Mar 05 02:18:05 +0000 2018,0.0,0.178,0.822,-0.3818,"As tariff battle heats up, @realDonaldTrump says US steel, aluminum industries 'dead' https://t.co/kG3nPVIkUq"
394,Fox News,Mon Mar 05 02:16:11 +0000 2018,0.163,0.0,0.837,0.5719,".@kayleighmcenany on draining the DC swamp: ""He won the election not with an extraordinary amount of money. He won‚Ä¶ https://t.co/TG5beS4KBS"
395,Fox News,Mon Mar 05 02:12:46 +0000 2018,0.0,0.0,1.0,0.0,"After an opening monologue sprinkled with anti-GOP political jabs, returning host of the #Oscars Jimmy Kimmel comme‚Ä¶ https://t.co/BFFXakftTP"
396,Fox News,Mon Mar 05 02:11:23 +0000 2018,0.0,0.256,0.744,-0.7351,".@SteveHiltonx: ""The American people got sick and tired of all that corruption. It is a big part of the reason‚Ä¶ https://t.co/zjCVygo7BR"
397,Fox News,Mon Mar 05 02:00:01 +0000 2018,0.225,0.0,0.775,0.4404,WATCH: NY High School Senior Makes 70-Foot Buzzer-Beater in Championship https://t.co/e3zBeqUB19
398,Fox News,Mon Mar 05 01:48:29 +0000 2018,0.0,0.175,0.825,-0.5574,RT @FoxBusiness: ICE steps up enforcement on employers who are hiring illegal immigrants. @hillary__vaughn with the report. https://t.co/Yq‚Ä¶
399,Fox News,Mon Mar 05 01:45:55 +0000 2018,0.0,0.121,0.879,-0.296,".@KimStrassel: ""@TheJusticeDept has no job investigating itself. It's not the way things go...@POTUS I know is frus‚Ä¶ https://t.co/FmQWfR038o"
400,The New York Times,Mon Mar 05 09:04:54 +0000 2018,0.102,0.098,0.8,0.0258,There is no simple answer to what happened to Nakesha Williams ‚Äî a life of spectacular promise undone by mental ill‚Ä¶ https://t.co/aTfkQY12Ao
401,The New York Times,Mon Mar 05 08:47:08 +0000 2018,0.0,0.163,0.837,-0.5994,"Unsealing the will of Harper Lee, signed just days before her death, was supposed to answer questions. It has only‚Ä¶ https://t.co/fFPNujReh6"
402,The New York Times,Mon Mar 05 08:29:36 +0000 2018,0.0,0.0,1.0,0.0,"Adam Rippon wore a harness to the Oscars, breaking the red carpet mold https://t.co/COQOgTbUHK https://t.co/mWXsHTMLIN"
403,The New York Times,Mon Mar 05 08:12:05 +0000 2018,0.0,0.14,0.86,-0.4158,Rita Moreno wore her 1962 Oscars dress to the 2018 Oscars. Recycling has never looked more elegant. https://t.co/1U0AWTyBKj
404,The New York Times,Mon Mar 05 07:54:44 +0000 2018,0.0,0.115,0.885,-0.3535,"The Oscars really wanted to avoid another ""La La Land"" mix-up. Just look at the font on the envelopes. https://t.co/JlNYO6Qdis"
405,The New York Times,Mon Mar 05 07:38:10 +0000 2018,0.235,0.124,0.641,0.4131,"""It‚Äôs really easy to play into this narrative that millennials are doing everything wrong and they‚Äôre not planning,‚Ä¶ https://t.co/pS00Xh3ku4"
406,The New York Times,Mon Mar 05 07:21:17 +0000 2018,0.0,0.079,0.921,-0.1406,"""One wrestler provoked me by leaving a comment on my Instagram, but when I later wrestled him in a state tournament‚Ä¶ https://t.co/82KeWiuSKj"
407,The New York Times,Mon Mar 05 07:04:04 +0000 2018,0.0,0.0,1.0,0.0,Photos from the Oscars red carpet https://t.co/ziMJ9H5Qk7 https://t.co/dU4d0BcRKY
408,The New York Times,Mon Mar 05 06:40:22 +0000 2018,0.0,0.104,0.896,-0.296,The pressure is mounting on Nigerian President Muhammadu Buhari to step down after his first term expires next year https://t.co/3PjU4OuzDs
409,The New York Times,Mon Mar 05 06:25:09 +0000 2018,0.231,0.0,0.769,0.6597,"Fashion played an anonymous role at the 2018 Academy Awards so that the people, namely the women, could shine https://t.co/TgTgUfsr7A"
410,The New York Times,Mon Mar 05 05:55:38 +0000 2018,0.0,0.0,1.0,0.0,Critic‚Äôs Notebook: Some Self-Examination Among the Oscars‚Äô Self-Celebration https://t.co/Va71mQM06d
411,The New York Times,Mon Mar 05 05:49:19 +0000 2018,0.0,0.0,1.0,0.0,"RT @caraNYT: ""Am I about to auctioned off right now?"" Jordan Peele, facing a sea of journalists backstage at the Oscars: We raise numbers,‚Ä¶"
412,The New York Times,Mon Mar 05 05:43:02 +0000 2018,0.231,0.0,0.769,0.4019,"For Roger Deakins, the 14th time was the charm https://t.co/fbSsBGx17O"
413,The New York Times,Mon Mar 05 05:37:24 +0000 2018,0.0,0.0,1.0,0.0,South Korean Envoys Fly to North Korea to Meet Kim Jong-un https://t.co/DA6h9wOuNa
414,The New York Times,Mon Mar 05 05:28:03 +0000 2018,0.0,0.0,1.0,0.0,Europe saw Xi Jinping as a hedge against President Trump. Not anymore. https://t.co/rOWT9J3gIx
415,The New York Times,Mon Mar 05 05:13:06 +0000 2018,0.0,0.0,1.0,0.0,"Is it too early to nominate Tiffany Haddish and Maya Rudolph for hosts of the 2019 Oscars?
 https://t.co/6L9Y5t0oM9"
416,The New York Times,Mon Mar 05 05:03:03 +0000 2018,0.0,0.0,1.0,0.0,"The Oscars ""offered a little more self-examination than usual among the self-congratulation,"" @poniewozik writes https://t.co/5fC5PkW1ZP"
417,The New York Times,Mon Mar 05 04:57:21 +0000 2018,0.0,0.0,1.0,0.0,RT @emilysteel: Frances McDormand to all the women nominees she asked to stand: We all have stories we need to tell and projects we need fi‚Ä¶
418,The New York Times,Mon Mar 05 04:53:15 +0000 2018,0.0,0.0,1.0,0.0,"RT @jodikantor: The most striking thing, here in the room, about watching the female nominees stand? There were so few of them."
419,The New York Times,Mon Mar 05 04:48:32 +0000 2018,0.256,0.0,0.744,0.4767,The complete list of winners at the 2018 Oscars https://t.co/rkHd3M7w0K
420,The New York Times,Mon Mar 05 04:47:35 +0000 2018,0.0,0.0,1.0,0.0,[waiting to see if Jimmy Kimmel comes out with a correction before we tweet anything more definitive] https://t.co/Sv97JbSs7c
421,The New York Times,Mon Mar 05 04:46:12 +0000 2018,0.0,0.115,0.885,-0.3535,"The Oscars really wanted to avoid another ""La La Land"" mix-up. Just look at the font on the envelopes. https://t.co/ZwaxNsPivd"
422,The New York Times,Mon Mar 05 04:45:52 +0000 2018,0.441,0.0,0.559,0.836,"""The Shape of Water"" just won best picture at the Oscars https://t.co/K7OJou3PQJ"
423,The New York Times,Mon Mar 05 04:40:37 +0000 2018,0.171,0.0,0.829,0.4767,"A running list of Oscar winners so far, including Frances McDormand, Allison Janney and Jordan Peele https://t.co/24siS9Imb5"
424,The New York Times,Mon Mar 05 04:37:29 +0000 2018,0.0,0.0,1.0,0.0,"Frances McDormand, after asking female Oscar nominees to stand: ""Look around, ladies and gentlemen, because we all‚Ä¶ https://t.co/iWsTXQk0f2"
425,The New York Times,Mon Mar 05 04:34:38 +0000 2018,0.112,0.0,0.888,0.34,"‚ÄúMs. McDormand certainly makes the most of the tirade machine Mr. McDonagh has built for her‚Äù
‚Äî@Wesley_Morris, on ‚Äú‚Ä¶ https://t.co/BbR37H41pM"
426,The New York Times,Mon Mar 05 04:33:49 +0000 2018,0.0,0.0,1.0,0.0,"At 60, Frances McDormand has become an unconventional star. From @nytmag in 2017: https://t.co/KtEJo7wuYb"
427,The New York Times,Mon Mar 05 04:24:40 +0000 2018,0.156,0.0,0.844,0.5719,"Gary Oldman, who just won an Oscar for his role in ‚ÄúDarkest Hour‚Äù: ‚ÄúThe Churchill I saw and I discovered had charm‚Äù https://t.co/hSrz2qqlif"
428,The New York Times,Mon Mar 05 04:20:34 +0000 2018,0.118,0.0,0.882,0.4215,"‚ÄúThe changes we are witnessing are being driven by the powerful sound of new voices, of different voices, of our vo‚Ä¶ https://t.co/EYUsEUVMz1"
429,The New York Times,Mon Mar 05 04:14:52 +0000 2018,0.361,0.0,0.639,0.836,"Guillermo del Toro just won the Oscar for best director for ""The Shape of Water"" https://t.co/XU6Jaq9qNi"
430,The New York Times,Mon Mar 05 04:07:54 +0000 2018,0.108,0.14,0.753,-0.1531,"The State Department was granted $120 million to fight Russian meddling. It has spent $0.
https://t.co/NOjspSCl51"
431,The New York Times,Mon Mar 05 04:04:11 +0000 2018,0.224,0.074,0.702,0.6705,"RT @nytimesES: üé∂ ‚ÄúRecu√©rdame hoy me tengo que ir mi amor
Recu√©rdame, no llores por favor
Te llevo en mi coraz√≥n y cerca me tendr√°s
A solas‚Ä¶"
432,The New York Times,Mon Mar 05 04:02:01 +0000 2018,0.394,0.0,0.606,0.7579,Reminder: The best song Oscars category has always been a curious creature https://t.co/bEmmTNirny
433,The New York Times,Mon Mar 05 03:56:46 +0000 2018,0.237,0.0,0.763,0.4767,"A running list of Oscar winners so far, including Jordan Peele https://t.co/Pqxci8UTEe"
434,The New York Times,Mon Mar 05 03:50:48 +0000 2018,0.283,0.0,0.717,0.836,"RT @nytimesarts: Roger Deakins wins the Oscar for best cinematography for ""Blade Runner 2049."" Here's where to stream his past work: https:‚Ä¶"
435,The New York Times,Mon Mar 05 03:49:27 +0000 2018,0.209,0.0,0.791,0.5719,"Roger Deakins was nominated 14 times for an Oscar. This year, he finally won. https://t.co/gvAxmq4EZf"
436,The New York Times,Mon Mar 05 03:45:52 +0000 2018,0.0,0.0,1.0,0.0,"In a piece for @NYTStyles, Barbra Streisand explains why she cloned her dog https://t.co/pttn4vZKa2"
437,The New York Times,Mon Mar 05 03:44:54 +0000 2018,0.0,0.156,0.844,-0.5719,"""Get Out"" is the latest horror film to receive Oscar nominations. But the Academy hasn't always shown a lot of love‚Ä¶ https://t.co/TtM1y5ieJG"
438,The New York Times,Mon Mar 05 03:37:06 +0000 2018,0.0,0.0,1.0,0.0,"""Get Out"" almost didn‚Äôt get made, because its writer and director Jordan Peele figured it couldn't happen. He just‚Ä¶ https://t.co/pwQGegOJ7r"
439,The New York Times,Mon Mar 05 03:33:51 +0000 2018,0.317,0.0,0.683,0.836,"The NYT review of ""Call Me By Your Name,"" which just won the Oscar for best adapted screenplay:‚Ä¶ https://t.co/EX04KYeu1g"
440,The New York Times,Mon Mar 05 03:31:00 +0000 2018,0.0,0.081,0.919,-0.128,Insiders believe that efforts to diversify the Academy's overwhelmingly white and male membership are starting to h‚Ä¶ https://t.co/O2YIS7NxFX
441,The New York Times,Mon Mar 05 03:28:36 +0000 2018,0.0,0.0,1.0,0.0,"Salma Hayek, writing an op-ed in @nytopinion, was among them: https://t.co/1grp0TmpO5"
442,The New York Times,Mon Mar 05 03:27:26 +0000 2018,0.0,0.0,1.0,0.0,"In the aftermath, dozens of women in Hollywood came forward to tell their stories: https://t.co/UlXorq6xqr"
443,The New York Times,Mon Mar 05 03:26:32 +0000 2018,0.0,0.212,0.788,-0.5423,A Times investigation chronicled a history of sexual harassment allegations against Harvey Weinstein and settlement‚Ä¶ https://t.co/mVmBvgtw6v
444,The New York Times,Mon Mar 05 03:15:54 +0000 2018,0.0,0.0,1.0,0.0,"""So Tiffany and Maya should actually be hosting this show,"" @jessicabennett says https://t.co/VqikekAV3V"
445,The New York Times,Mon Mar 05 03:14:03 +0000 2018,0.231,0.0,0.769,0.6597,"Fashion played an anonymous role at the 2018 Academy Awards so that the people, namely the women, could shine https://t.co/2urraEmQbz"
446,The New York Times,Mon Mar 05 03:08:27 +0000 2018,0.0,0.0,1.0,0.0,"So, this is happening https://t.co/UROe6X4RkE"
447,The New York Times,Mon Mar 05 03:01:43 +0000 2018,0.239,0.0,0.761,0.5719,"""I‚Äôm starting to wonder about ‚ÄúDunkirk‚Äù and its chances. They might be better than we think."" https://t.co/ExaRhTk9ey"
448,The New York Times,Mon Mar 05 02:47:29 +0000 2018,0.0,0.11,0.89,-0.3535,"The Oscars are really trying to avoid another ""La La Land"" mix-up. Just look at the font on the envelopes. https://t.co/30brOyL9Mg"
449,The New York Times,Mon Mar 05 02:40:55 +0000 2018,0.223,0.0,0.777,0.3182,"How Pixar made sure ""Coco"" was culturally conscious https://t.co/o5Jxz5D6xE"
450,The New York Times,Mon Mar 05 02:39:32 +0000 2018,0.256,0.0,0.744,0.836,"RT @nytimesarts: It was Kobe Bryant's idea to turn his poem about retiring from basketball into a movie, which just won an Oscar for best a‚Ä¶"
451,The New York Times,Mon Mar 05 02:37:38 +0000 2018,0.0,0.0,1.0,0.0,Didn't see the animated short films nominated for an Oscar? Here's our review. https://t.co/VOmEggpgjp
452,The New York Times,Mon Mar 05 02:34:03 +0000 2018,0.237,0.0,0.763,0.4767,"A running list of Oscar winners so far, including Allison Janney https://t.co/aPtd1gA2fA"
453,The New York Times,Mon Mar 05 02:29:35 +0000 2018,0.15,0.202,0.648,-0.0772,"Allison Janney just won an Oscar for ""I, Tonya."" She channeled her harsh inner critic to get it. https://t.co/9sSfGvd3c9"
454,The New York Times,Mon Mar 05 02:26:23 +0000 2018,0.511,0.0,0.489,0.91,"RT @nytimesarts: ""A Fantastic Woman"" wins the Oscar for best foreign language film https://t.co/qKGSiyMvSR"
455,The New York Times,Mon Mar 05 02:22:25 +0000 2018,0.0,0.0,1.0,0.0,The dress Rita Moreno is wearing is the one she wore to the 1962 Oscars https://t.co/HwnlIegG7I
456,The New York Times,Mon Mar 05 02:22:03 +0000 2018,0.0,0.0,1.0,0.0,"A full transcript of Jimmy Kimmel's Oscars monologue, which threw barbs at Harvey Weinstein https://t.co/Ny8SOSx0qB"
457,The New York Times,Mon Mar 05 02:14:59 +0000 2018,0.0,0.0,1.0,0.0,"RT @mairalg: So much about ""Coco"" was memorable to me because it was my life. Many of our readers felt the same way. https://t.co/42N3GEBYHn"
458,The New York Times,Mon Mar 05 02:10:49 +0000 2018,0.0,0.0,1.0,0.0,"How ""The Shape of Water"" became the film to beat at the Oscars https://t.co/kGoV2weI8l"
459,The New York Times,Mon Mar 05 02:09:45 +0000 2018,0.0,0.0,1.0,0.0,"Kumail Nanjiani at the Oscars: ""To all the Dreamers out there, we stand with you"" https://t.co/xdGbydTJKP"
460,The New York Times,Mon Mar 05 02:07:10 +0000 2018,0.122,0.133,0.745,-0.0772,"Watching the Oscars? So are we. Get our reporters' takes on the winners and losers, the movies and Hollywood after‚Ä¶ https://t.co/ZBkn0KjK18"
461,The New York Times,Mon Mar 05 02:01:35 +0000 2018,0.308,0.0,0.692,0.8402,"RT @nytimesarts: Gregg Landaker, Gary A. Rizzo and Mark Weingarten win the Oscar for best sound mixing for ""Dunkirk"" https://t.co/uLTfeULZ9q"
462,The New York Times,Mon Mar 05 01:57:15 +0000 2018,0.0,0.0,1.0,0.0,Don't know the difference between sound editing and sound mixing? We've got you. https://t.co/5tXImj8CPe
463,The New York Times,Mon Mar 05 01:54:58 +0000 2018,0.219,0.0,0.781,0.6369,What to read about the Best Picture nominees in case you're not into this montage https://t.co/IHhypzTVUn
464,The New York Times,Mon Mar 05 01:51:43 +0000 2018,0.0,0.0,1.0,0.0,"""Wakanda forever.""
Our photos from the Oscars red carpet: https://t.co/u4VheQNcZr https://t.co/cBPnrv2xnX"
465,The New York Times,Mon Mar 05 01:42:03 +0000 2018,0.307,0.0,0.693,0.4767,A running list of Oscar winners so far https://t.co/8EigrPiAfe
466,The New York Times,Mon Mar 05 01:41:00 +0000 2018,0.378,0.0,0.622,0.836,"The NYT review of ""Icarus,"" which just won the Oscar for best documentary feature https://t.co/z6Kvzg2Dt6"
467,The New York Times,Mon Mar 05 01:32:14 +0000 2018,0.0,0.14,0.86,-0.4158,Rita Moreno wore her 1962 Oscars dress to the 2018 Oscars. Recycling has never looked more elegant. https://t.co/NUCvQT2KWG
468,The New York Times,Mon Mar 05 01:30:28 +0000 2018,0.0,0.101,0.899,-0.3321,"RT @caraNYT: ‚Äú I think more women are being believed. I think more men are nervous. I think things will really be different now, don‚Äôt you?‚Ä¶"
469,The New York Times,Mon Mar 05 01:22:03 +0000 2018,0.126,0.0,0.874,0.4389,The E! red carpet show steered clear of politics. ABC‚Äôs asked Mira Sorvino and Ashley Judd about the #MeToo movemen‚Ä¶ https://t.co/odCMJkCqDk
470,The New York Times,Mon Mar 05 01:20:29 +0000 2018,0.372,0.0,0.628,0.8271,Congratulations to one New York Times commenter on his son's win at the Oscars https://t.co/PFcjkVcTPq
471,The New York Times,Mon Mar 05 01:18:15 +0000 2018,0.123,0.128,0.749,-0.0258,"Sam Rockwell, on criticism of his Oscar-winning role in ""Three Billboards"": ""Whenever a movie is popular and it is‚Ä¶ https://t.co/Zocev3TPwn"
472,The New York Times,Mon Mar 05 01:10:32 +0000 2018,0.198,0.0,0.802,0.6369,"In the past 30 years, only 4 movies were named Best Picture while topping the box office charts https://t.co/lZVbC2G2wj"
473,The New York Times,Mon Mar 05 01:09:06 +0000 2018,0.0,0.0,1.0,0.0,What @Wesley_Morris is watching for at this year's Oscars ceremony  https://t.co/NFvp3uJc22 https://t.co/kW0QJ2xul7
474,The New York Times,Mon Mar 05 01:07:51 +0000 2018,0.181,0.0,0.819,0.6369,"As Jimmy Kimmel just mentioned, Rachel Morrison is the first woman to receive an Oscar nomination for best cinemato‚Ä¶ https://t.co/ku1E9sMVhc"
475,The New York Times,Mon Mar 05 01:06:24 +0000 2018,0.0,0.118,0.882,-0.25,Harvey Weinstein was expelled from the Academy of Motion Picture Arts and Sciences in October https://t.co/c5TPynYaEq
476,The New York Times,Mon Mar 05 01:06:19 +0000 2018,0.0,0.0,1.0,0.0,"RT @samdolnick: The Oscars, and Hollywood in general, is different this year because of @jodikantor and @AshleyJudd and @mega2e https://t.c‚Ä¶"
477,The New York Times,Mon Mar 05 01:01:07 +0000 2018,0.122,0.133,0.745,-0.0772,"Watching the Oscars? So are we. Get our reporters' takes on the winners and losers, the movies and Hollywood after‚Ä¶ https://t.co/HCdqpE4OwW"
478,The New York Times,Mon Mar 05 00:55:04 +0000 2018,0.0,0.0,1.0,0.0,"Before the Oscars, we asked the stars about the #MeToo movement. Here's how they responded. https://t.co/pYPCz2f6rw"
479,The New York Times,Mon Mar 05 00:52:25 +0000 2018,0.0,0.207,0.793,-0.7184,RT @caraNYT: ‚ÄúIt‚Äôs gotta become part of our lives. That women should no longer be in silence about sexual assault. And we need to encourage‚Ä¶
480,The New York Times,Mon Mar 05 00:46:19 +0000 2018,0.095,0.0,0.905,0.25,"In Opinion 

Op-Ed columnist @FrankBruni: ""The affliction that stole my vision, or at least a big chunk of it, did‚Ä¶ https://t.co/UuWjH739Cn"
481,The New York Times,Mon Mar 05 00:36:02 +0000 2018,0.0,0.0,1.0,0.0,Our reporters are on the red carpet. Here's what they're seeing and hearing. https://t.co/0a03nDO4z8
482,The New York Times,Mon Mar 05 00:29:26 +0000 2018,0.074,0.0,0.926,0.1901,"RT @caraNYT: ‚ÄúI‚Äôve been a feminist for many years, and slowly it moves. It‚Äôs like a tempest, but with results. The men are changing, slowly‚Ä¶"
483,The New York Times,Mon Mar 05 00:28:00 +0000 2018,0.0,0.0,1.0,0.0,"How ""The Shape of Water"" became the film to beat at the Oscars https://t.co/LOMW6YQemX"
484,The New York Times,Mon Mar 05 00:18:25 +0000 2018,0.0,0.0,1.0,0.0,The latest photos from the Oscars red carpet https://t.co/yZKpetDZQi https://t.co/f1Mm2NY8vj
485,The New York Times,Mon Mar 05 00:10:47 +0000 2018,0.0,0.0,1.0,0.0,"After the nor'easter, power is still out for hundreds of thousands of people https://t.co/4oaD4sLaTA"
486,The New York Times,Mon Mar 05 00:07:20 +0000 2018,0.0,0.0,1.0,0.0,"Adam Rippon wore a harness to the Oscars, breaking the red carpet mold https://t.co/scfsHVE8Jh https://t.co/lWEltz0C0p"
487,The New York Times,Mon Mar 05 00:03:41 +0000 2018,0.0,0.205,0.795,-0.5994,Mary J. Blige's marriage was falling apart when she got a role in ‚ÄúMudbound.‚Äù She poured her pain into the performa‚Ä¶ https://t.co/vbz4BOTGKK
488,The New York Times,Sun Mar 04 23:54:07 +0000 2018,0.0,0.0,1.0,0.0,RT @nytimesarts: Three of Harvey Weinstein's accusers will present at the Oscars. Will they say anything about him or #metoo? https://t.co/‚Ä¶
489,The New York Times,Sun Mar 04 23:52:34 +0000 2018,0.0,0.0,1.0,0.0,Follow @NYTStyles and @NYTFashion for the latest photos from the #Oscars red carpet. https://t.co/yqLjYRJ5St
490,The New York Times,Sun Mar 04 23:52:03 +0000 2018,0.213,0.0,0.787,0.5859,Who should win at the 2018 Oscars? There's still time to cast your ballot. https://t.co/6R8JBkihwb
491,The New York Times,Sun Mar 04 23:50:03 +0000 2018,0.0,0.0,1.0,0.0,"RT @jodikantor: A thought for Oscars night. We‚Äôll be there in person, to bear witness to what‚Äôs changed and ask what hasn‚Äôt.  Stay tuned. h‚Ä¶"
492,The New York Times,Sun Mar 04 23:38:25 +0000 2018,0.198,0.0,0.802,0.6369,"In the past 30 years, only 4 movies were named best picture while topping the box office charts https://t.co/0mf8CbYZbT"
493,The New York Times,Sun Mar 04 23:20:47 +0000 2018,0.0,0.115,0.885,-0.3802,"RT @poniewozik: Background on Seacrest, for whom E! was reportedly also considering a 30-second delay in case someone brought up the issue‚Ä¶"
494,The New York Times,Sun Mar 04 23:18:46 +0000 2018,0.153,0.0,0.847,0.4404,"Allison Janney is expected to receive the supporting actress Oscar for her performance in ""I, Tonya""‚Ä¶ https://t.co/ypis1gKd2z"
495,The New York Times,Sun Mar 04 23:15:09 +0000 2018,0.0,0.0,1.0,0.0,"RT @caraNYT: ‚Äú I think focus has to shift from Hollywood at this point, because there are millions of people around the world asking for he‚Ä¶"
496,The New York Times,Sun Mar 04 23:10:10 +0000 2018,0.108,0.14,0.753,-0.1531,"The State Department was granted $120 million to fight Russian meddling. It has spent $0.
https://t.co/3BhK4HDDeh"
497,The New York Times,Sun Mar 04 22:59:59 +0000 2018,0.0,0.0,1.0,0.0,Follow @caraNYT for the latest updates from the #Oscars red carpet. https://t.co/sqEtDZ6fKi
498,The New York Times,Sun Mar 04 22:49:04 +0000 2018,0.205,0.0,0.795,0.5574,"Trump's ""president for life"" comments about Chinese leader Xi Jinping found an appreciative audience https://t.co/wHDaTU1ny3"
499,The New York Times,Sun Mar 04 22:43:23 +0000 2018,0.0,0.0,1.0,0.0,Photos: The latest action from the Oscars red carpet https://t.co/bYqHj3c9qD https://t.co/TC9ubfxmdr
